frame,sd_us,decode_us,render_us,work_us,present_us
1,6346,33216,1867,41429,115121
2,12934,33648,1430,48012,35102
3,6657,32661,1422,40740,34106
4,6451,33240,1445,41136,34708
5,6572,0,0,6572,24
6,13419,32250,1794,47463,34060
7,9959,30636,2122,42717,32780
8,6694,0,0,6694,22
9,6945,32791,1636,41372,34443
10,6420,32310,1443,40173,33775
11,12782,0,0,12782,22
12,7268,30597,1446,39311,32059
13,6654,32722,1602,40978,34347
14,6482,32684,1445,40611,34152
15,6633,31975,1424,40032,33422
16,6422,31718,1588,39728,33329
17,19949,0,0,19949,22
18,6943,32971,1442,41356,34428
19,6855,33031,1448,41334,34502
20,6784,0,0,6784,22
21,6792,30086,1401,38279,31499
22,7019,33034,1456,41509,34511
23,19434,0,0,19434,22
24,6945,33161,1466,41572,34642
25,6676,31486,1425,39587,32934
26,6873,31652,1428,39953,33102
27,6692,31845,1809,40346,33677
28,13428,0,0,13428,22
29,7561,31836,1629,41026,33480
30,6693,30776,1421,38890,32220
31,6884,0,0,6884,22
32,7171,32350,1450,40971,33816
33,6689,31922,1800,40411,33745
34,13420,0,0,13420,23
35,7456,30253,1426,39135,31694
36,6576,32543,1428,40547,33992
37,6701,32355,1434,40490,33811
38,6988,30555,1765,39308,32343
39,7194,31326,1621,40141,32969
40,6696,0,0,6696,22
41,19422,33537,1450,54409,35003
42,6714,31463,1428,39605,32913
43,6907,0,0,6907,22
44,8323,29614,1467,39404,31098
45,6947,33364,1447,41758,34832
46,6760,31357,1431,39548,32811
47,13292,0,0,13292,23
48,7483,31904,1429,40816,33350
49,6686,30507,1950,39143,32479
50,6698,31485,1471,39654,32978
51,6671,29840,1427,37938,31290
52,6776,0,0,6776,22
53,8692,30311,1717,40720,32044
54,6692,29346,1435,37473,30804
55,6974,31161,1424,39559,32607
56,13347,0,0,13347,22
57,7147,31092,1441,39680,32549
58,6676,30450,1438,38564,31911
59,6611,29014,1422,37047,30459
60,6687,30277,1436,38400,31736
61,6939,29335,1436,37710,30794
62,6606,29138,1820,37564,30981
63,6647,0,0,6647,22
64,6656,30978,1441,39075,32432
65,6687,27727,1412,35826,29161
66,6952,30793,1693,39438,32508
67,6747,28838,1803,37388,30663
68,6565,29132,1428,37125,30582
69,6697,0,0,6697,22
70,6600,29054,1790,37444,30856
71,6912,27588,1402,35902,29013
72,6832,30654,1445,38931,32120
73,6754,28633,1682,37069,30338
74,6904,28286,1423,36613,29732
75,6662,29057,1462,37181,30541
76,6688,27110,2116,35914,29249
77,192,28878,1609,30679,30510
78,13470,0,0,13470,23
79,7193,27704,1423,36320,29138
80,6806,29413,1431,37650,30867
81,6741,29254,1624,37619,30901
82,6627,27482,1750,35859,29254
83,6762,29405,1424,37591,30852
84,7046,28634,1424,37104,30079
85,6730,28832,1448,37010,30303
86,6705,28669,1432,36806,30123
87,6916,0,0,6916,22
88,8351,26897,1410,36658,28324
89,6740,30300,1435,38475,31755
90,6973,28345,1612,36930,29980
91,6627,28753,1774,37154,30550
92,6762,0,0,6762,22
93,6514,30392,1448,38354,31852
94,6629,27120,1412,35161,28555
95,6954,28478,1807,37239,30307
96,6943,29442,1422,37807,30887
97,6662,28566,1442,36670,30031
98,191,28228,2091,30510,30341
99,14196,28080,1435,43711,29538
100,6838,29341,1805,37984,31168
101,7244,0,0,7244,22
102,7773,27742,1422,36937,29179
103,6975,30049,1451,38475,31522
104,6981,29466,1827,38274,31315
105,6991,28035,1492,36518,29550
106,6901,29500,1785,38186,31307
107,7159,0,0,7159,22
108,7755,27731,1426,36912,29172
109,7256,29481,1432,38169,30936
110,7004,29384,1457,37845,30864
111,6950,27286,1418,35654,28726
112,10406,30543,1442,42391,32006
113,6953,28610,1753,37316,30390
114,7186,0,0,7186,22
115,8589,27113,1423,37125,28552
116,6991,30156,1433,38580,31609
117,7193,28886,1429,37508,30338
118,6845,28567,1435,36847,30024
119,6939,28484,1431,36854,29941
120,7195,28588,1444,37227,30055
121,7045,28787,1764,37596,30574
122,6963,27874,1422,36259,29324
123,7291,0,0,7291,23
124,8527,28657,1446,38630,30119
125,6922,28384,1441,36747,29848
126,7183,28492,1435,37110,29950
127,188,28849,1961,30998,30833
128,13722,0,0,13722,22
129,7018,27635,1431,36084,29079
130,6870,29292,2146,38308,31461
131,6861,29507,1620,37988,31150
132,6783,27882,1433,36098,29337
133,6925,28972,1774,37671,30769
134,7109,26781,1407,35297,28211
135,7193,30400,1614,39207,32036
136,6894,28399,1421,36714,29843
137,7098,0,0,7098,22
138,8495,27049,1420,36964,28486
139,6895,29452,2256,38603,31729
140,7185,28530,1424,37139,29977
141,6840,28685,1424,36949,30132
142,6936,28719,1423,37078,30165
143,6991,0,0,6991,22
144,7738,27660,1798,37196,29474
145,7129,29014,1428,37571,30465
146,8159,28266,1767,38192,30054
147,6970,28542,1786,37298,30351
148,6891,29206,1447,37544,30676
149,6839,27500,1783,36122,29305
150,6839,29452,1447,37738,30922
151,7178,0,0,7178,22
152,7713,27348,1796,36857,29159
153,228,29242,1440,30910,30704
154,13230,29329,1450,44009,30800
155,6937,27717,1425,36079,29165
156,6886,29058,1810,37754,30891
157,7154,28451,1479,37084,29953
158,6940,28889,1433,37262,30345
159,6868,28943,1419,37230,30385
160,7118,0,0,7118,23
161,8643,27262,1427,37332,28706
162,6783,30823,1428,39034,32272
163,6985,28802,1426,37213,30250
164,6855,28649,1440,36944,30111
165,6935,0,0,6935,22
166,6833,29663,1619,38115,31294
167,6929,27834,1411,36174,29268
168,7009,30121,1769,38899,31911
169,6857,28753,1415,37025,30190
170,6895,28481,1426,36802,29930
171,6864,29564,1434,37862,31021
172,6880,27784,1624,36288,29431
173,6907,29558,1444,37909,31024
174,7087,0,0,7087,22
175,7629,27230,1728,36587,28974
176,7136,29652,1440,38228,31115
177,6979,29114,1457,37550,30594
178,6845,27895,1438,36178,29356
179,7156,0,0,7156,23
180,714,28776,1434,30924,30225
181,14899,27617,1427,43943,29066
182,7172,29086,1443,37701,30552
183,7047,30074,1672,38793,31768
184,6978,27044,1409,35431,28475
185,7336,30201,1618,39155,31840
186,7064,28193,2176,37433,30392
187,6877,29032,1424,37333,30479
188,6971,0,0,6971,22
189,6962,30267,1430,38659,31709
190,7310,27317,1412,36039,28751
191,7291,30618,1442,39351,32082
192,7083,29312,1474,37869,30808
193,7234,28806,1429,37469,30258
194,6930,29567,2298,38795,31888
195,7362,0,0,7362,22
196,7819,29181,1425,38425,30622
197,7025,29089,1598,37712,30710
198,7058,29911,1805,38774,31738
199,6876,28353,1744,36973,30120
200,7227,0,0,7227,23
201,7488,30399,1781,39668,32196
202,7028,28266,1762,37056,30051
203,7210,30503,1437,39150,31962
204,7086,30049,1472,38607,31544
205,7231,29151,1442,37824,30616
206,6958,30110,1427,38495,31560
207,6970,29988,1435,38393,31446
208,13971,0,0,13971,22
209,9374,30387,1426,41187,31828
210,10136,30905,1418,42459,32346
211,7001,0,0,7001,22
212,7028,32850,1840,41718,34701
213,7043,30707,1432,39182,32161
214,7009,31159,1441,39609,32623
215,7213,0,0,7213,22
216,6815,31272,1440,39527,32724
217,7289,31523,1450,40262,32996
218,21830,29897,1431,53158,31351
219,7369,0,0,7369,23
220,8821,30988,1441,41250,32447
221,7009,31379,1447,39835,32848
222,6970,29874,1430,38274,31326
223,7285,0,0,7285,22
224,7511,31615,1445,40571,33076
225,7040,31782,1456,40278,33260
226,14003,0,0,14003,22
227,7714,29723,1418,38855,31157
228,6985,31519,1610,40114,33151
229,7063,31735,1444,40242,33202
230,7241,29193,1402,37836,30618
231,7323,32967,1439,41729,34428
232,6862,32403,1943,41208,34369
233,13716,0,0,13716,22
234,7119,31304,1434,39857,32753
235,6995,31870,1429,40294,33322
236,7061,0,0,7061,22
237,6838,33073,2102,42013,35187
238,6954,31330,1476,39760,32828
239,7229,0,0,7229,22
240,14730,30632,1418,46780,32065
241,9615,31682,1439,42736,33144
242,6888,32522,1448,40858,33992
243,6951,30598,1412,38961,32033
244,7274,0,0,7274,22
245,9150,31053,1456,41659,32525
246,13796,31344,1798,46938,33164
247,7239,0,0,7239,23
248,7758,29959,1438,39155,31413
249,7264,31835,1432,40531,33290
250,7053,31604,1829,40486,33456
251,7237,0,0,7237,22
252,7879,30042,1424,39345,31482
253,13810,31701,1422,46933,33146
254,7071,32336,1451,40858,33810
255,6985,30715,2118,39818,32855
256,6992,31372,1429,39793,32822
257,7092,0,0,7092,22
258,6854,32885,1807,41546,34703
259,6993,31054,1466,39513,32543
260,14001,0,0,14001,22
261,9325,30526,2177,42028,32718
262,7830,32203,1451,41484,33676
263,6984,0,0,6984,22
264,13705,34928,1446,50079,36386
265,7094,33405,1421,41920,34849
266,7288,32236,2070,41594,34329
267,7103,35147,1627,43877,36796
268,13757,0,0,13757,22
269,7040,34547,1450,43037,36008
270,7339,0,0,7339,22
271,14382,34817,1678,50877,36512
272,6986,34768,1427,43181,36218
273,14114,0,0,14114,22
274,8761,33802,1604,44167,35423
275,7326,0,0,7326,22
276,14469,35471,1429,51369,36918
277,9566,35310,1438,46314,36771
278,13787,0,0,13787,22
279,7045,36518,1457,45020,37987
280,7024,34487,1433,42944,35942
281,13802,0,0,13802,22
282,9411,34606,1430,45447,36051
283,7013,34228,1429,42670,35680
284,14147,0,0,14147,22
285,8544,34360,1432,44336,35808
286,13781,0,0,13781,22
287,7142,35797,1452,44391,37264
288,7037,35155,1445,43637,36623
289,13956,0,0,13956,22
290,7772,34256,1425,43453,35696
291,7241,34576,1422,43239,36021
292,14092,0,0,14092,22
293,8721,35378,1443,45542,36837
294,13867,0,0,13867,22
295,7552,36049,1446,45047,37510
296,13904,36821,1467,52192,38311
297,7101,0,0,7101,22
298,6939,36311,1434,44684,37759
299,21409,0,0,21409,22
300,7115,36073,1453,44641,37541
301,14303,34539,1433,50275,35995
302,7265,0,0,7265,22
303,15785,34427,1442,51654,35886
304,7133,34318,1760,43211,36101
305,7137,0,0,7137,23
306,13972,36232,1674,51878,37920
307,7115,0,0,7115,22
308,7066,35850,1789,44705,37652
309,13995,34067,1864,49926,35954
310,7088,0,0,7088,22
311,7304,33643,1608,42555,35265
312,7019,33132,1445,41596,34599
313,14165,33614,1445,49224,35082
314,7400,0,0,7400,22
315,7936,33195,1850,42981,35060
316,7079,32068,1601,40748,33692
317,14271,0,0,14271,22
318,8994,32698,1433,43125,34148
319,7175,33745,1444,42364,35210
320,7365,0,0,7365,23
321,14954,32675,2667,50296,35358
322,7035,32880,1432,41347,34335
323,7093,0,0,7093,22
324,7183,33828,1446,42457,35289
325,14207,33813,1440,49460,35276
326,7075,32869,1440,41384,34332
327,7408,0,0,7408,22
328,8791,31012,1416,41219,32445
329,14110,33916,1431,49457,35370
330,7205,0,0,7205,22
331,7061,34261,1449,42771,35721
332,7125,31643,1429,40197,33094
333,7375,0,0,7375,22
334,8740,30108,1429,40277,31553
335,14148,32779,1443,48370,34245
336,10506,32119,1444,44069,33586
337,7125,30490,1416,39031,31929
338,7378,0,0,7378,22
339,8603,31394,1428,41425,32838
340,7066,32379,1442,40887,33843
341,14282,0,0,14282,22
342,7855,31838,1790,41483,33644
343,7946,32173,1439,41558,33635
344,7222,0,0,7222,23
345,20922,34465,1436,56823,35918
346,7429,0,0,7429,22
347,14591,35248,1455,51294,36719
348,7001,36497,1454,44952,37974
349,7048,33975,1434,42457,35432
350,14278,0,0,14278,22
351,8882,34434,2110,45426,36560
352,14050,0,0,14050,22
353,9414,34691,1600,45705,36307
354,7108,34128,2056,43292,36207
355,14010,0,0,14010,22
356,7212,36961,1695,45868,38671
357,13845,0,0,13845,22
358,7286,37084,1795,46165,38894
359,14043,0,0,14043,22
360,7085,37325,1696,46106,39034
361,7018,36089,1511,44618,37623
362,20681,0,0,20681,22
363,7855,36163,1630,45648,37809
364,14109,0,0,14109,22
365,7734,35368,1429,44531,36813
366,14087,36693,1445,52225,38160
367,7014,0,0,7014,22
368,14187,36552,1429,52168,37996
369,7216,0,0,7216,22
370,14937,36596,1433,52966,38046
371,7265,0,0,7265,22
372,7883,37070,1452,46405,38537
373,20813,37253,1441,59507,38716
374,7057,0,0,7057,22
375,13982,38231,1442,53655,39688
376,7079,0,0,7079,26
377,13758,37194,2442,53394,39648
378,7003,37658,1437,46098,39116
379,14063,0,0,14063,22
380,7192,35822,1774,44788,37613
381,13907,0,0,13907,22
382,8923,36589,1439,46951,38045
383,14087,0,0,14087,22
384,7702,37034,1434,46170,38485
385,13876,36068,1427,51371,37517
386,7254,0,0,7254,22
387,15716,36146,1436,53298,37599
388,7032,38213,1699,46944,39935
389,13703,0,0,13703,23
390,9866,38556,1449,49871,40016
391,20131,0,0,20131,22
392,14054,0,0,14054,17
393,7657,37345,1434,46436,38796
394,13987,0,0,13987,22
395,7887,37129,1928,46944,39072
396,14098,38311,1445,53854,39778
397,6978,0,0,6978,22
398,13776,37887,1454,53117,39352
399,7039,39028,1443,47510,40494
400,14071,0,0,14071,22
401,7078,39190,1436,47704,40640
402,13910,0,0,13910,22
403,14037,0,0,14037,15
404,7061,38242,1437,46740,39690
405,13951,37798,1506,53255,39327
406,7053,0,0,7053,22
407,14178,38051,1443,53672,39510
408,7103,35404,1795,44302,37222
409,13972,0,0,13972,22
410,9028,36530,1430,46988,37977
411,14015,0,0,14015,23
412,9377,36474,1426,47277,37916
413,13872,0,0,13872,22
414,8695,36001,1430,46126,37448
415,14060,0,0,14060,22
416,7577,37256,1444,46277,38715
417,13724,38017,1446,53187,39486
418,7045,0,0,7045,22
419,13858,38059,1468,53385,39541
420,7075,35489,1419,43983,36931
421,13822,0,0,13822,22
422,9308,36502,1591,47401,38108
423,14134,0,0,14134,22
424,8933,36256,1429,46618,37701
425,13858,0,0,13858,22
426,9356,36117,1431,46904,37564
427,13933,0,0,13933,23
428,9130,36840,1432,47402,38289
429,13819,0,0,13819,22
430,8681,34706,1415,44802,36138
431,14090,37802,1435,53327,39260
432,7009,38028,1464,46501,39515
433,13662,0,0,13662,22
434,6967,36713,1614,45294,38342
435,14074,0,0,14074,23
436,7868,37163,1452,46483,38631
437,13977,0,0,13977,22
438,7871,36423,1699,45993,38142
439,7028,36390,1442,44860,37855
440,14062,0,0,14062,22
441,8607,35521,1420,45548,36958
442,17055,0,0,17055,22
443,9572,35408,1432,46412,36856
444,14116,37407,1949,53472,39378
445,6958,0,0,6958,22
446,13922,37181,1495,52598,38692
447,7104,0,0,7104,22
448,14168,38512,1433,54113,39961
449,7126,0,0,7126,22
450,13944,37903,1833,53680,39751
451,7183,0,0,7183,22
452,13882,38913,1431,54226,40357
453,7057,36776,1445,45278,38249
454,14025,0,0,14025,22
455,7824,36531,2174,46529,38720
456,13839,37394,1427,52660,38843
457,6949,0,0,6949,22
458,14004,38111,1442,53557,39568
459,6982,0,0,6982,22
460,14120,35557,1950,51627,37524
461,7136,0,0,7136,22
462,15628,36014,1422,53064,37452
463,7259,0,0,7259,22
464,14834,36727,1599,53160,38342
465,6941,37919,1441,46301,39383
466,13792,0,0,13792,22
467,7003,38057,1630,46690,39700
468,13714,37054,1616,52384,38691
469,7008,0,0,7008,22
470,13865,37951,1461,53277,39425
471,7085,0,0,7085,22
472,7297,36038,1814,45149,37867
473,22743,0,0,22743,22
474,7336,36215,1440,44991,37667
475,14282,0,0,14282,22
476,9002,35465,1434,45901,36916
477,14067,0,0,14067,22
478,8708,36082,1432,46222,37531
479,14222,0,0,14222,22
480,7632,34556,1431,43619,36000
481,7376,37151,1455,45982,38629
482,20479,0,0,20479,22
483,8719,35072,1451,45242,36539
484,13887,36831,1712,52430,38566
485,6973,0,0,6973,22
486,13592,36499,1454,51545,37965
487,7390,0,0,7390,22
488,7819,34186,1426,43431,35629
489,15736,35416,1432,52584,36871
490,6930,0,0,6930,22
491,14065,36893,1685,52643,38594
492,7590,36729,1445,45764,38201
493,13995,0,0,13995,22
494,9563,35805,1433,46801,37251
495,6978,0,0,6978,22
496,20791,37966,1436,60193,39419
497,7085,0,0,7085,22
498,13932,36844,1696,52472,38554
499,7133,0,0,7133,22
500,13785,38239,1432,53456,39685
501,6910,36237,1787,44934,38047
502,13991,0,0,13991,22
503,7859,35471,1438,44768,36925
504,7215,35484,1424,44123,36931
505,22845,0,0,22845,22
506,7829,34140,1432,43401,35588
507,14076,0,0,14076,22
508,8896,35144,1425,45465,36586
509,13902,0,0,13902,22
510,8618,35024,1440,45082,36480
511,7005,36883,1461,45349,38366
512,13913,0,0,13913,22
513,6960,35271,1438,43669,36721
514,7206,0,0,7206,22
515,14635,35222,1447,51304,36686
516,6985,34746,1493,43224,36261
517,13741,35215,1431,50387,36669
518,6876,0,0,6876,22
519,7211,36741,1432,45384,38187
520,13788,0,0,13788,22
521,7064,36906,1453,45423,38373
522,7106,35320,1425,43851,36768
523,13843,0,0,13843,23
524,9039,35330,1437,45806,36783
525,14019,0,0,14019,22
526,8440,35288,1446,45174,36750
527,6984,34326,2128,43438,36476
528,14056,0,0,14056,22
529,8680,34481,1756,44917,36258
530,13682,36921,1459,52062,38406
531,7018,0,0,7018,22
532,6896,36370,1439,44705,37822
533,14115,0,0,14115,22
534,7773,34187,1478,43438,35682
535,14004,36469,1692,52165,38187
536,7079,0,0,7079,22
537,7457,35752,1442,44651,37208
538,14220,0,0,14220,22
539,7545,36450,1438,45433,37902
540,14238,36832,1454,52524,38309
541,7022,35927,1458,44407,37408
542,7116,0,0,7116,22
543,14509,34729,2114,51352,36857
544,7200,0,0,7200,22
545,8702,35380,1428,45510,36824
546,14184,0,0,14184,22
547,9085,33737,1417,44239,35170
548,14002,36499,1685,52186,38206
549,9340,0,0,9340,22
550,7206,36487,1982,45675,38483
551,20283,0,0,20283,22
552,7284,36036,1836,45156,37887
553,13844,36077,1441,51362,37541
554,7459,0,0,7459,22
555,7928,35799,1675,45402,37489
556,14267,0,0,14267,22
557,7816,35074,1701,44591,36792
558,14172,35679,1446,51297,37148
559,7092,0,0,7092,22
560,7413,35627,1441,44481,37083
561,14080,0,0,14080,22
562,7518,36296,1445,45259,37756
563,14022,36745,1449,52216,38222
564,7122,34101,1675,42898,35798
565,8415,0,0,8415,22
566,14066,35062,1698,50826,36773
567,7300,0,0,7300,22
568,15849,34758,1426,52033,36200
569,7131,35145,1428,43704,36595
570,7036,0,0,7036,22
571,14109,36521,1600,52230,38137
572,7189,0,0,7189,22
573,14170,36923,1446,52539,38385
574,7039,0,0,7039,22
575,7006,35514,1450,43970,36976
576,14258,36654,1456,52368,38132
577,7131,34027,1598,42756,35648
578,7414,0,0,7414,22
579,23364,34204,1442,59010,35663
580,7216,0,0,7216,22
581,16055,34527,1426,52008,35969
582,7242,0,0,7242,22
583,7722,35527,1709,44958,37252
584,13818,36472,2014,52304,38513
585,7068,0,0,7068,22
586,13952,35269,1792,51013,37075
587,7397,0,0,7397,22
588,7765,35922,1620,45307,37563
589,14181,35047,1434,50662,36504
590,7032,35387,1436,43855,36846
591,13796,0,0,13796,23
592,7127,37260,1447,45834,38721
593,7060,0,0,7060,23
594,14007,36893,1444,52344,38352
595,7063,36649,1439,45151,38110
596,13909,0,0,13909,22
597,7174,35225,1422,43821,36660
598,7230,0,0,7230,22
599,14545,35701,1427,51673,37144
600,7113,35187,1435,43735,36645
601,13982,0,0,13982,22
602,9085,34806,1986,45877,36807
603,6967,35834,1446,44247,37303
604,16353,0,0,16353,22
605,7812,35545,1805,45162,37365
606,14062,0,0,14062,22
607,7827,35087,1805,44719,36909
608,7081,35267,1431,43779,36721
609,13866,0,0,13866,22
610,8668,34360,1429,44457,35805
611,14085,0,0,14085,22
612,7651,35898,1430,44979,37344
613,6918,35552,2135,44605,37710
614,13693,0,0,13693,22
615,7002,36186,2096,45284,38296
616,13813,36606,1966,52385,38595
617,6923,0,0,6923,22
618,7226,35260,1438,43924,36710
619,13946,0,0,13946,22
620,9100,35111,1769,45980,36896
621,7036,35399,1762,44197,37184
622,20304,0,0,20304,22
623,9284,35258,1439,45981,36713
624,14168,0,0,14168,22
625,9144,35129,1443,45716,36589
626,7033,36113,1451,44597,37587
627,21303,0,0,21303,23
628,7043,35528,1449,44020,36989
629,14204,0,0,14204,22
630,7818,35832,1450,45100,37299
631,6938,35236,1435,43609,36694
632,14180,0,0,14180,22
633,8698,33962,1775,44435,35753
634,14121,0,0,14121,22
635,7608,35895,1431,44934,37343
636,7349,36448,1831,45628,38301
637,13939,0,0,13939,22
638,7040,36963,1452,45455,38428
639,13545,0,0,13545,22
640,7023,37623,1443,46089,39080
641,14106,37477,1495,53078,38995
642,7014,0,0,7014,23
643,7085,34194,2117,43396,36324
644,13898,0,0,13898,22
645,9072,35301,1433,45806,36751
646,6972,34705,1448,43125,36175
647,13721,0,0,13721,22
648,7203,36420,1447,45070,37882
649,13871,35442,2118,51431,37583
650,7246,0,0,7246,23
651,14605,37119,2135,53859,39268
652,7268,0,0,7268,23
653,14593,37269,1814,53676,39100
654,7057,36806,1600,45463,38428
655,13936,0,0,13936,22
656,15664,0,0,15664,18
657,7852,36246,1419,45517,37681
658,13998,39212,1429,54639,40664
659,10575,0,0,10575,22
660,15790,36967,1433,54190,38417
661,14123,0,0,14123,22
662,8629,37113,1767,47509,38897
663,13894,0,0,13894,22
664,8519,34049,1420,43988,35486
665,7281,38117,1445,46843,39583
666,21040,0,0,21040,22
667,16574,0,0,16574,17
668,9723,38623,1441,49787,40080
669,14928,0,0,14928,22
670,9303,38750,1428,49481,40195
671,21802,0,0,21802,22
672,15275,40025,1758,57058,41798
673,7359,40270,1449,49078,41741
674,21067,0,0,21067,22
675,14156,0,0,14156,17
676,8015,38825,2154,48994,40996
677,14282,0,0,14282,22
678,14663,39303,1824,55790,41141
679,7275,0,0,7275,22
680,13820,38691,1445,53956,40151
681,14164,0,0,14164,22
682,7925,38044,1794,47763,39854
683,14225,0,0,14225,22
684,7546,38585,1691,47822,40292
685,14141,37558,1426,53125,39007
686,15948,0,0,15948,22
687,7193,37488,1426,46107,38928
688,14124,0,0,14124,22
689,8968,37384,1818,48170,39220
690,14237,0,0,14237,23
691,8574,36154,1942,46670,38113
692,14018,0,0,14018,22
693,9414,36134,1774,47322,37923
694,14220,0,0,14220,22
695,7606,37184,1447,46237,38647
696,13982,35625,1431,51038,37078
697,7166,37493,1443,46102,38959
698,14021,0,0,14021,23
699,7082,37741,1456,46279,39210
700,13804,0,0,13804,22
701,7120,36343,1436,44899,37794
702,14245,0,0,14245,22
703,7859,35200,2113,45172,37333
704,14009,0,0,14009,23
705,7929,35586,1437,44952,37040
706,7078,34089,1429,42596,35541
707,14214,0,0,14214,22
708,8041,35409,1430,44880,36855
709,10225,35870,1429,47524,37322
710,14046,0,0,14046,22
711,7108,36604,1450,45162,38065
712,7081,34719,1423,43223,36165
713,14119,0,0,14119,23
714,8965,34590,1443,44998,36050
715,14297,0,0,14297,22
716,9078,34928,1428,45434,36372
717,6953,34180,2101,43234,36304
718,14429,0,0,14429,22
719,8784,34289,1447,44520,35753
720,7225,34615,1450,43290,36088
721,14494,0,0,14494,22
722,7841,34330,1754,43925,36100
723,7191,32299,1437,40927,33759
724,14208,0,0,14208,22
725,9411,33055,1432,43898,34503
726,7016,35315,1462,43793,36799
727,7066,0,0,7066,22
728,20995,36047,1455,58497,37517
729,7156,0,0,7156,22
730,13811,34986,1445,50242,36445
731,7305,0,0,7305,22
732,7929,33345,1436,42710,34796
733,14224,35842,1433,51499,37297
734,7112,34278,1432,42822,35733
735,6993,0,0,6993,22
736,14121,35557,1438,51116,37009
737,7128,35202,1635,43965,36860
738,7093,0,0,7093,22
739,7252,33756,1431,42439,35201
740,14019,0,0,14019,22
741,8761,32260,1425,42446,33701
742,7308,35701,1465,44474,37188
743,14027,0,0,14027,22
744,7152,36562,1461,45175,38038
745,13948,35687,1439,51074,37149
746,7413,0,0,7413,22
747,7865,34699,1428,43992,36142
748,14132,34458,1431,50021,35910
749,7323,0,0,7323,22
750,15885,33817,1940,51642,35773
751,7384,0,0,7384,22
752,7580,34686,2072,44338,36774
753,13795,35539,1814,51148,37376
754,7077,0,0,7077,22
755,7094,34728,1438,43260,36177
756,14253,33786,1425,49464,35233
757,7020,34195,1437,42652,35655
758,6994,0,0,6994,22
759,14184,34433,1688,50305,36136
760,7097,0,0,7097,22
761,7135,34537,1812,43484,36363
762,7304,33121,1794,42219,34937
763,14224,0,0,14224,22
764,8780,35408,1424,45612,36849
765,14260,0,0,14260,23
766,9104,33923,1416,44443,35354
767,16622,37502,1494,55618,39019
768,7128,37707,1461,46296,39191
769,14353,0,0,14353,22
770,7028,36188,1445,44661,37645
771,14244,0,0,14244,22
772,7850,36842,1442,46134,38302
773,14306,0,0,14306,22
774,7857,37129,1460,46446,38605
775,14186,0,0,14186,22
776,7878,35528,2385,45791,37930
777,14182,0,0,14182,22
778,7856,34752,1430,44038,36198
779,14172,36415,2059,52646,38497
780,7102,36350,1451,44903,37823
781,13903,0,0,13903,22
782,7211,36317,1451,44979,37783
783,7068,0,0,7068,23
784,23030,35279,1442,59751,36737
785,7001,0,0,7001,22
786,13830,36067,1702,51599,37784
787,7036,0,0,7036,22
788,6977,34823,2156,43956,36992
789,14178,33616,1766,49560,35405
790,7297,0,0,7297,22
791,7444,33507,1430,42381,34952
792,13877,36251,1442,51570,37715
793,7060,34883,1459,43402,36365
794,7365,0,0,7365,22
795,14555,34924,1444,50923,36384
796,7243,0,0,7243,22
797,7828,34250,1453,43531,35719
798,21190,0,0,21190,22
799,7780,33223,1440,42443,34679
800,13825,34989,1429,50243,36440
801,7267,0,0,7267,22
802,7502,35083,1444,44029,36542
803,13803,35584,1455,50842,37061
804,6972,32465,1428,40865,33915
805,7268,0,0,7268,22
806,15778,33885,1446,51109,35347
807,7078,33798,1429,42305,35250
808,7025,0,0,7025,22
809,7164,35083,1596,43843,36693
810,13811,0,0,13811,22
811,6982,36118,1447,44547,37578
812,7497,34136,1425,43058,35584
813,14045,0,0,14045,22
814,8575,34593,1426,44594,36035
815,7009,34292,1442,42743,35757
816,13943,36287,1612,51842,37921
817,7054,0,0,7054,23
818,13584,35460,1440,50484,36914
819,7305,0,0,7305,23
820,7853,35469,1441,44763,36927
821,14128,0,0,14128,22
822,11056,33313,1757,46126,35084
823,13994,36187,1432,51613,37641
824,7013,0,0,7013,22
825,7311,35277,1427,44015,36718
826,13955,0,0,13955,22
827,7447,35598,1437,44482,37050
828,7064,35200,1446,43710,36669
829,13998,33844,1433,49275,35300
830,7285,0,0,7285,22
831,15444,34428,1433,51305,35878
832,6990,34266,1421,42677,35709
833,7038,0,0,7038,22
834,13915,35597,1445,50957,37058
835,6939,0,0,6939,22
836,6910,35478,1977,44365,37467
837,7007,33264,1424,41695,34711
838,21946,0,0,21946,23
839,7805,33348,1669,42822,35033
840,7090,32975,1432,41497,34429
841,14047,0,0,14047,27
842,8661,33272,1618,43551,34907
843,7004,33790,1443,42237,35256
844,14030,0,0,14030,22
845,7414,33072,2125,42611,35213
846,7040,32630,1429,41099,34082
847,7222,0,0,7222,22
848,23491,32964,1429,57884,34410
849,7198,0,0,7198,22
850,14360,34856,1434,50650,36307
851,7029,35417,1445,43891,36885
852,6979,32917,1426,41322,34366
853,13925,0,0,13925,22
854,8809,33979,1428,44216,35423
855,7090,33251,2205,42546,35479
856,13862,0,0,13862,23
857,7283,35830,1438,44551,37282
858,6954,0,0,6954,22
859,14020,36137,1439,51596,37592
860,7032,35907,1787,44726,37717
861,7104,0,0,7104,22
862,14133,34942,1600,50675,36556
863,7209,0,0,7209,23
864,14750,34717,1783,51250,36516
865,6887,34709,1434,43030,36165
866,6942,35028,1445,43415,36496
867,14072,0,0,14072,22
868,7479,35368,1452,44299,36835
869,7082,34094,1430,42606,35547
870,13725,0,0,13725,22
871,8690,33000,1428,43118,34443
872,7243,0,0,7243,22
873,14895,34002,1429,50326,35452
874,6927,34926,1456,43309,36404
875,6933,0,0,6933,22
876,13812,34020,1437,49269,35470
877,7295,32781,1427,41503,34231
878,7032,33178,1428,41638,34629
879,6863,0,0,6863,22
880,16843,35076,1695,53614,36784
881,7033,0,0,7033,23
882,6924,34241,1441,42606,35696
883,13952,32842,1432,48226,34297
884,7200,0,0,7200,22
885,8658,31124,1412,41194,32554
886,7177,34441,1618,43236,36081
887,13823,0,0,13823,22
888,6820,33479,1447,41746,34938
889,8325,33179,1434,42938,34636
890,7299,33220,1423,41942,34666
891,22049,0,0,22049,22
892,7216,33858,1441,42515,35313
893,6859,34502,1807,43168,36332
894,13856,0,0,13856,22
895,6969,34191,1444,42604,35647
896,7303,0,0,7303,27
897,14451,34319,1451,50221,35787
898,6901,32839,1436,41176,34298
899,7350,0,0,7350,22
900,14442,34694,1435,50571,36146
901,7070,34593,1769,43432,36384
902,6854,33937,1439,42230,35397
903,14056,0,0,14056,23
904,9355,33991,1430,44776,35441
905,7001,33983,1424,42408,35429
906,13816,0,0,13816,23
907,9385,33887,1833,45105,35736
908,7050,0,0,7050,22
909,14019,36439,1445,51903,37900
910,7101,35302,1808,44211,37133
911,6859,0,0,6859,22
912,14087,35225,1827,51139,37068
913,7258,34043,1435,42736,35501
914,7301,0,0,7301,22
915,15609,33870,1432,50911,35319
916,6938,34817,1447,43202,36287
917,7251,0,0,7251,22
918,14585,34872,1782,51239,36670
919,7380,0,0,7380,22
920,14412,35103,1792,51307,36911
921,7002,33600,1431,42033,35054
922,7262,0,0,7262,22
923,14812,35351,1435,51598,36802
924,7254,36035,1953,45242,38011
925,13700,0,0,13700,23
926,7043,35494,1804,44341,37311
927,6960,34982,1605,43547,36610
928,13993,0,0,13993,22
929,8928,34724,1434,45086,36174
930,14012,0,0,14012,22
931,8184,35246,1424,44854,36687
932,13872,0,0,13872,22
933,8594,33540,1419,43553,34975
934,7259,36849,1447,45555,38318
935,13860,0,0,13860,22
936,6988,36519,1788,45295,38319
937,16583,35816,1443,53842,37282
938,7406,0,0,7406,22
939,14540,36090,1438,52068,37544
940,7028,36077,1774,44879,37874
941,13817,0,0,13817,23
942,7174,34663,1437,43274,36115
943,7226,0,0,7226,22
944,14422,36215,1446,52083,37677
945,7161,0,0,7161,22
946,14165,35625,1802,51592,37442
947,7044,36183,2086,45313,38291
948,13804,35727,1448,50979,37198
949,6977,0,0,6977,23
950,7368,34162,1601,43131,35777
951,14047,0,0,14047,22
952,8653,32727,1574,42954,34317
953,9120,34290,1609,45019,35921
954,13715,0,0,13715,27
955,7147,36464,1438,45049,37916
956,7065,35868,1463,44396,37354
957,14034,0,0,14034,22
958,7074,34367,1421,42862,35801
959,7139,0,0,7139,22
960,14891,35749,1429,52069,37193
961,7334,34586,1432,43352,36041
962,13888,0,0,13888,22
963,8590,34660,1865,45115,36541
964,6955,35425,1447,43827,36894
965,14133,0,0,14133,22
966,7830,35147,1436,44413,36599
967,13900,0,0,13900,22
968,7803,33335,1430,42568,34781
969,7190,34458,1422,43070,35907
970,14083,0,0,14083,22
971,7359,34554,1603,43516,36172
972,6968,34164,1440,42572,35626
973,13978,33133,1438,48549,34594
974,7229,0,0,7229,22
975,8651,33263,1771,43685,35051
976,14086,0,0,14086,23
977,9107,32421,1418,42946,33855
978,7243,35903,1447,44593,37372
979,13820,0,0,13820,22
980,6851,35936,1443,44230,37391
981,6977,33378,1434,41789,34835
982,21579,0,0,21579,22
983,7833,33576,1436,42845,35027
984,7160,33103,1431,41694,34557
985,22559,0,0,22559,22
986,7323,33333,1426,42082,34773
987,7101,35049,1718,43868,36790
988,20463,0,0,20463,22
989,6813,35755,1448,44016,37215
990,6945,0,0,6945,22
991,21400,0,0,21400,17
992,7668,35249,1453,44370,36717
993,16931,35945,1722,54598,37690
994,7018,0,0,7018,22
995,7030,34946,1621,43597,36581
996,14208,33729,1693,49630,35445
997,7109,34830,1429,43368,36282
998,7112,0,0,7112,22
999,13990,36457,1440,51887,37913
1000,7174,0,0,7174,22
1001,14177,35864,1771,51812,37651
1002,7222,0,0,7222,22
1003,6999,36551,1450,45000,38013
1004,14086,36546,1451,52083,38020
1005,7159,0,0,7159,23
1006,14289,34144,2137,50570,36294
1007,7257,0,0,7257,22
1008,7523,33792,1426,42741,35233
1009,14258,36108,1704,52070,37834
1010,7101,35422,1640,44163,37084
1011,14098,0,0,14098,22
1012,7838,36034,1451,45323,37501
1013,14150,0,0,14150,22
1014,7852,36142,1961,45955,38120
1015,14034,0,0,14034,22
1016,7831,36953,1447,46231,38416
1017,14270,0,0,14270,23
1018,7849,35234,1597,44680,36848
1019,14046,38263,1448,53757,39733
1020,7074,37593,1446,46113,39062
1021,13950,0,0,13950,222
1022,7978,36653,1442,46073,38111
1023,13900,0,0,13900,22
1024,7332,37783,1442,46557,39239
1025,14046,0,0,14046,22
1026,7356,38584,1442,47382,40042
1027,13867,0,0,13867,22
1028,6984,38532,2106,47622,40650
1029,14044,0,0,14044,22
1030,14199,38074,1448,53721,39537
1031,7017,0,0,7017,22
1032,13798,38344,1458,53600,39813
1033,7203,37030,1453,45686,38506
1034,14260,0,0,14260,23
1035,7783,35846,1431,45060,37293
1036,14686,36781,1438,52905,38241
1037,7100,0,0,7100,22
1038,7280,35434,1427,44141,36876
1039,14229,0,0,14229,22
1040,7517,37015,1436,45968,38467
1041,14258,0,0,14258,22
1042,7923,35976,1844,45743,37835
1043,13960,37049,1448,52457,38518
1044,7036,34208,1763,43007,35993
1045,15518,0,0,15518,22
1046,9536,33999,1745,45280,35757
1047,7327,0,0,7327,22
1048,15981,34368,1427,51776,35811
1049,7427,0,0,7427,23
1050,9090,32452,1412,42954,33881
1051,14119,35923,1441,51483,37387
1052,7138,0,0,7138,22
1053,7056,35650,2046,44752,37708
1054,13859,0,0,13859,22
1055,7019,34976,1439,43434,36428
1056,7405,34570,2069,44044,36661
1057,14290,34499,1447,50236,35969
1058,7257,0,0,7257,22
1059,16144,35261,1422,52827,36699
1060,7121,37809,1454,46384,39285
1061,13960,0,0,13960,22
1062,7034,37038,1805,45877,38855
1063,13773,0,0,13773,22
1064,7087,35483,1781,44351,37278
1065,7369,0,0,7369,22
1066,14721,35665,1442,51828,37123
1067,6983,34811,1426,43220,36259
1068,14137,0,0,14137,22
1069,9177,33573,1436,44186,35025
1070,7411,34291,1714,43416,36028
1071,13815,0,0,13815,22
1072,7016,35343,1758,44117,37113
1073,7217,33591,1425,42233,35039
1074,14240,0,0,14240,22
1075,8862,33667,1437,43966,35120
1076,6949,33855,1435,42239,35313
1077,20661,0,0,20661,22
1078,9125,33637,1436,44198,35088
1079,14027,0,0,14027,22
1080,8949,33412,1711,44072,35139
1081,6958,34485,1444,42887,35951
1082,13974,0,0,13974,23
1083,7753,34036,1445,43234,35497
1084,7027,32618,1441,41086,34082
1085,13884,0,0,13884,22
1086,9005,33385,1428,43818,34830
1087,6997,34355,1453,42805,35831
1088,14205,0,0,14205,22
1089,7754,34385,1957,44096,36357
1090,7329,0,0,7329,22
1091,14656,35288,1786,51730,37091
1092,7005,34001,1428,42434,35452
1093,14114,35562,1465,51141,37050
1094,7017,0,0,7017,22
1095,7243,36898,1435,45576,38347
1096,13760,0,0,13760,22
1097,7056,37206,1450,45712,38669
1098,13685,0,0,13685,22
1099,6946,36822,1443,45211,38276
1100,7321,34973,1599,43893,36595
1101,13992,0,0,13992,22
1102,8810,35049,1434,45293,36499
1103,16377,0,0,16377,22
1104,7516,35325,1939,44780,37280
1105,6993,34216,1793,43002,36032
1106,13666,35693,2318,51677,38034
1107,6940,0,0,6940,22
1108,6960,35048,1779,43787,36838
1109,14026,0,0,14026,22
1110,7777,33304,1428,42509,34749
1111,13953,35141,1433,50527,36596
1112,7245,0,0,7245,22
1113,7508,35121,1447,44076,36583
1114,14129,0,0,14129,22
1115,7428,35007,1790,44225,36813
1116,6950,34618,1680,43248,36320
1117,14044,33421,1427,48892,34870
1118,7242,0,0,7242,22
1119,8692,32163,1424,42279,33604
1120,13865,35522,1685,51072,37230
1121,7025,0,0,7025,22
1122,13989,35789,1791,51569,37594
1123,7111,0,0,7111,22
1124,6820,36424,1612,44856,38048
1125,14014,35416,2095,51525,37534
1126,7161,0,0,7161,22
1127,14147,35034,2122,51303,37170
1128,7208,34892,1473,43573,36388
1129,6964,37239,1445,45648,38707
1130,20055,0,0,20055,22
1131,7257,0,0,7257,15
1132,15792,34864,1641,52297,36522
1133,6910,37232,1462,45604,38717
1134,13969,0,0,13969,22
1135,7065,36107,1434,44606,37553
1136,14109,0,0,14109,22
1137,7882,36565,1445,45892,38026
1138,14082,0,0,14082,22
1139,7839,36103,1623,45565,37742
1140,14026,35446,1432,50904,36905
1141,6995,35809,1428,44232,37260
1142,7000,0,0,7000,22
1143,22825,0,0,22825,16
1144,9180,33291,1426,43897,34733
1145,13921,36785,1429,52135,38236
1146,7036,0,0,7036,22
1147,13949,36579,1432,51960,38026
1148,7102,0,0,7102,22
1149,6851,37345,1458,45654,38815
1150,13859,0,0,13859,22
1151,6995,35447,1440,43882,36899
1152,14142,35084,1427,50653,36533
1153,7229,33422,2066,42717,35510
1154,7189,0,0,7189,22
1155,16097,33831,1424,51352,35270
1156,6963,34542,1451,42956,36016
1157,10325,0,0,10325,27
1158,14234,34865,1435,50534,36316
1159,7304,0,0,7304,22
1160,7845,32794,1432,42071,34243
1161,14105,35254,1431,50790,36707
1162,6891,0,0,6891,22
1163,6894,34660,1429,42983,36102
1164,20992,34340,1447,56779,35810
1165,7092,0,0,7092,22
1166,7056,33234,1809,42099,35054
1167,14022,32702,1788,48512,34513
1168,7348,0,0,7348,22
1169,8764,31023,1407,41194,32447
1170,7397,34001,1432,42830,35454
1171,7135,0,0,7135,23
1172,20928,33447,1442,55817,34905
1173,7110,0,0,7110,26
1174,6954,31797,1788,40539,33603
1175,7028,31169,1753,39950,32945
1176,8345,31871,1435,41651,33329
1177,6887,32437,1449,40773,33908
1178,21858,0,0,21858,22
1179,7073,31514,1787,40374,33315
1180,7108,30444,1427,38979,31892
1181,7383,0,0,7383,23
1182,9085,30903,1454,41442,32373
1183,7038,31413,1625,40076,33060
1184,7145,30286,1433,38864,31742
1185,7381,0,0,7381,22
1186,14872,31963,1433,48268,33412
1187,7036,32044,1442,40522,33509
1188,7298,29703,1677,38678,31402
1189,7698,31032,1427,40157,32482
1190,7168,0,0,7168,27
1191,7136,32861,1452,41449,34326
1192,7270,29362,1403,38035,30788
1193,7298,32122,1769,41189,33913
1194,7119,0,0,7119,22
1195,7066,32902,1455,41423,34369
1196,20521,30844,1781,53146,32647
1197,7209,0,0,7209,23
1198,8496,30604,1416,40516,32037
1199,7121,33554,1441,42116,35017
1200,7056,32606,1793,41455,34421
1201,7013,30895,1424,39332,32342
1202,13947,0,0,13947,22
1203,8834,31434,1428,41696,32879
1204,6926,31689,1614,40229,33326
1205,7243,0,0,7243,22
1206,7841,29958,1425,39224,31397
1207,7007,31530,1434,39971,32986
1208,7024,30798,1626,39448,32446
1209,6879,29480,1435,37794,30938
1210,7198,0,0,7198,22
1211,7455,30748,1709,39912,32472
1212,6996,30884,1435,39315,32340
1213,6941,29032,1424,37397,30479
1214,7152,29238,2136,38526,31396
1215,6820,28351,1746,36917,30120
1216,6917,28964,1793,37674,30780
1217,6989,0,0,6989,22
1218,6955,29687,1429,38071,31127
1219,7006,26387,1412,34805,27822
1220,7224,30058,1438,38720,31517
1221,207,26462,1403,28072,27887
1222,15808,27659,2449,45916,30131
1223,7012,0,0,7012,22
1224,6942,28911,1436,37289,30359
1225,9641,26892,1414,37947,28329
1226,7202,29473,1455,38130,30951
1227,6991,27998,1417,36406,29438
1228,7230,28090,1424,36744,29537
1229,179,28092,1413,29684,29528
1230,7136,27761,1426,36323,29209
1231,6958,28229,1445,36632,29697
1232,6982,26184,2086,35252,28292
1233,7012,28362,1429,36803,29814
1234,7187,0,0,7187,22
1235,1035,26976,1424,29435,28415
1236,6844,29297,1952,38093,31271
1237,6942,27689,1429,36060,29140
1238,7257,28883,1424,37564,30330
1239,7008,31172,1436,39616,32631
1240,7238,27651,1416,36305,29088
1241,7259,31809,1451,40519,33281
1242,6894,29967,1421,38282,31410
1243,7172,0,0,7172,23
1244,8668,28442,1409,38519,29867
1245,7315,31462,1826,40603,33309
1246,7065,29905,1423,38393,31350
1247,7075,0,0,7075,22
1248,7714,28913,1433,38060,30362
1249,6979,30025,1441,38445,31488
1250,7263,31933,1429,40625,33385
1251,7075,31050,1606,39731,32678
1252,6970,31839,1439,40248,33301
1253,7038,29751,1981,38770,31754
1254,7329,0,0,7329,22
1255,7605,32324,1447,41376,33787
1256,6981,31267,2156,40404,33446
1257,21603,0,0,21603,23
1258,7072,32248,1795,41115,34056
1259,7074,31233,1419,39726,32675
1260,7419,33571,1779,42769,35373
1261,7062,33036,1452,41550,34510
1262,14012,0,0,14012,22
1263,7131,32390,1437,40958,33840
1264,7347,0,0,7347,22
1265,10813,31590,1470,43873,33075
1266,7412,34958,1442,43812,36421
1267,20639,0,0,20639,22
1268,7245,35515,1441,44201,36971
1269,7126,0,0,7126,22
1270,13884,35466,1968,51318,37446
1271,7071,34068,1428,42567,35519
1272,7133,33624,1433,42190,35079
1273,14170,0,0,14170,22
1274,9458,33892,1432,44782,35339
1275,14255,0,0,14255,22
1276,8609,33669,1917,44195,35603
1277,7060,34499,1442,43001,35963
1278,14198,0,0,14198,22
1279,7906,34013,2022,43941,36050
1280,7131,33095,1614,41840,34732
1281,14073,0,0,14073,22
1282,7802,35384,1429,44615,36830
1283,7360,0,0,7360,22
1284,21616,35249,1441,58306,36706
1285,7118,35229,1982,44329,37234
1286,13721,0,0,13721,23
1287,7033,36328,2108,45469,38448
1288,6971,33928,2120,43019,36071
1289,22740,0,0,22740,22
1290,7066,34343,1437,42846,35793
1291,14056,0,0,14056,23
1292,8804,34289,1432,44525,35738
1293,10008,0,0,10008,22
1294,16165,34445,1436,52046,35896
1295,6971,34001,1432,42404,35456
1296,7109,34374,1686,43169,36082
1297,14330,0,0,14330,22
1298,7995,34788,1439,44222,36242
1299,14475,0,0,14475,22
1300,7780,34853,1442,44075,36311
1301,7076,33560,1491,42127,35074
1302,14036,0,0,14036,23
1303,7692,35288,1432,44412,36737
1304,7003,36029,1452,44484,37504
1305,13838,0,0,13838,22
1306,6979,34993,1441,43413,36446
1307,7191,0,0,7191,22
1308,20923,35123,1437,57483,36577
1309,7213,33720,1452,42385,35193
1310,14078,0,0,14078,22
1311,8754,34354,1481,44589,35852
1312,6972,34301,1838,43111,36162
1313,13837,0,0,13837,22
1314,7207,35927,1437,44571,37378
1315,7029,0,0,7029,23
1316,13564,35827,1452,50843,37293
1317,7022,33428,1430,41880,34880
1318,7194,0,0,7194,22
1319,7806,32436,1431,41673,33882
1320,13945,34257,1612,49814,35892
1321,6986,34116,1450,42552,35589
1322,7359,0,0,7359,22
1323,14623,33889,1610,50122,35514
1324,7047,32249,1436,40732,33708
1325,7114,0,0,7114,23
1326,9063,32961,1791,43815,34767
1327,13735,34822,1443,50000,36287
1328,7025,0,0,7025,22
1329,6939,33247,2151,42337,35412
1330,13937,0,0,13937,22
1331,7816,31946,1809,41571,33771
1332,7197,33648,1481,42326,35151
1333,13959,33397,2058,49414,35478
1334,6954,34701,1825,43480,36548
1335,6988,0,0,6988,22
1336,7142,32654,1941,41737,34608
1337,14028,0,0,14028,22
1338,8534,31678,1420,41632,33114
1339,7108,34929,1696,43733,36646
1340,13682,0,0,13682,22
1341,6912,35410,1445,43767,36867
1342,7091,33131,1429,41651,34583
1343,7258,0,0,7258,22
1344,14380,33211,2130,49721,35359
1345,7033,32795,1451,41279,34267
1346,7072,34105,1437,42614,35565
1347,14201,0,0,14201,22
1348,7865,34641,1974,44480,36631
1349,6942,33441,1426,41809,34889
1350,14077,0,0,14077,22
1351,7394,35095,1439,43928,36551
1352,6919,35761,1460,44140,37244
1353,13709,0,0,13709,22
1354,7017,34656,1440,43113,36108
1355,13986,0,0,13986,22
1356,7433,35150,1437,44020,36604
1357,6965,34549,1440,42954,36011
1358,13932,0,0,13932,22
1359,8636,32782,1612,43030,34411
1360,7260,36146,1440,44846,37607
1361,20090,0,0,20090,23
1362,7189,35559,2053,44801,37626
1363,13881,0,0,13881,22
1364,6954,36808,1437,45199,38257
1365,6954,34503,1420,42877,35946
1366,13794,0,0,13794,23
1367,7850,34969,1432,44251,36418
1368,7138,33800,1433,42371,35260
1369,14021,0,0,14021,22
1370,8520,33712,2129,44361,35858
1371,13670,36131,1461,51262,37615
1372,7016,0,0,7016,22
1373,6960,34779,1445,43184,36238
1374,13897,0,0,13897,22
1375,7758,33161,1435,42354,34612
1376,7291,35214,1431,43936,36667
1377,16203,0,0,16203,22
1378,7947,34802,1437,44186,36254
1379,6963,35900,1473,44336,37395
1380,19925,0,0,19925,22
1381,6912,35288,1445,43645,36745
1382,13565,36107,1459,51131,37589
1383,6832,0,0,6832,22
1384,7023,33667,2066,42756,35746
1385,13740,0,0,13740,22
1386,8938,32380,1411,42729,33807
1387,7098,36119,1436,44653,37577
1388,13436,0,0,13436,22
1389,7078,36285,1448,44811,37747
1390,6964,34731,1452,43147,36205
1391,13932,0,0,13932,22
1392,7417,34194,1768,43379,35976
1393,7097,33771,1436,42304,35235
1394,13787,0,0,13787,23
1395,8558,33698,1447,43703,35161
1396,6908,34246,1602,42756,35871
1397,14032,0,0,14032,23
1398,7818,34470,1438,43726,35923
1399,7125,33165,1417,41707,34605
1400,13775,0,0,13775,22
1401,7909,34492,1453,43854,35960
1402,6958,35368,1451,43777,36842
1403,13626,0,0,13626,22
1404,6952,34522,1435,42909,35969
1405,7148,33084,1427,41659,34533
1406,6821,32127,1426,40374,33575
1407,6825,0,0,6825,22
1408,22442,31636,1789,55867,33440
1409,6783,0,0,6783,22
1410,6647,33737,1440,41824,35191
1411,6845,32174,1428,40447,33625
1412,6607,32037,1430,40074,33490
1413,13154,0,0,13154,22
1414,6902,33373,1988,42263,35374
1415,6703,31970,1428,40101,33421
1416,6841,31599,1432,39872,33054
1417,6687,32479,1442,40608,33943
1418,13435,0,0,13435,22
1419,7208,32156,1609,40973,33780
1420,6639,30632,1446,38717,32101
1421,6857,0,0,6857,22
1422,8625,31179,1438,41242,32632
1423,6655,32047,1444,40146,33514
1424,6697,29982,1930,38609,31935
1425,13425,0,0,13425,22
1426,7308,31583,1431,40322,33030
1427,6645,31438,1441,39524,32902
1428,6655,30260,1410,38325,31693
1429,7038,32194,1444,40676,33661
1430,6648,31153,1602,39403,32778
1431,6814,0,0,6814,22
1432,8655,29601,1425,39681,31041
1433,22616,0,0,22616,22
1434,8435,29740,1444,39619,31200
1435,6844,32880,1437,41161,34338
1436,6714,31425,1424,39563,32872
1437,6754,0,0,6754,23
1438,14941,31678,1424,48043,33118
1439,6620,31224,1782,39626,33028
1440,6735,32528,1467,40730,34018
1441,6705,31124,1427,39256,32574
1442,6820,0,0,6820,22
1443,15163,31001,1436,47600,32453
1444,6664,31989,1617,40270,33628
1445,7226,0,0,7226,22
1446,7528,30396,1428,39352,31844
1447,6901,32652,1429,40982,34103
1448,13807,0,0,13807,22
1449,7590,32710,1448,41748,34174
1450,6792,32302,1432,40526,33756
1451,6875,31031,1420,39326,32474
1452,6812,33172,1839,41823,35034
1453,13435,0,0,13435,27
1454,6711,32784,1449,40944,34245
1455,6889,31741,1425,40055,33189
1456,6639,31983,1441,40063,33447
1457,6692,0,0,6692,22
1458,13060,33523,1439,48022,34974
1459,6706,31787,1431,39924,33241
1460,6835,0,0,6835,22
1461,8715,30268,1410,40393,31694
1462,6911,33562,1452,41925,35036
1463,13156,0,0,13156,22
1464,6669,32669,1614,40952,34294
1465,6929,32693,1425,41047,34141
1466,6676,32363,1441,40480,33827
1467,13122,33161,1455,47738,34639
1468,9861,0,0,9861,22
1469,7439,32395,1433,41267,33844
1470,6862,32655,1433,40950,34110
1471,13326,0,0,13326,23
1472,7549,33562,1456,42567,35033
1473,6760,33416,1440,41616,34878
1474,6957,0,0,6957,22
1475,13849,31531,1417,46797,32964
1476,7049,33652,1455,42156,35130
1477,6936,33639,1436,42011,35098
1478,6655,33035,1420,41110,34478
1479,21727,0,0,21727,22
1480,6775,33120,1425,41320,34558
1481,6924,0,0,6924,22
1482,15414,33338,1431,50183,34785
1483,6608,33548,1439,41595,35010
1484,6655,0,0,6655,22
1485,13298,35129,1445,49872,36589
1486,6686,33795,1444,41925,35262
1487,6638,0,0,6638,22
1488,6672,33588,1788,42048,35389
1489,19995,32565,1430,53990,34018
1490,6655,34210,1720,42585,35952
1491,6677,0,0,6677,22
1492,13098,33186,1774,48058,34972
1493,6887,0,0,6887,27
1494,7593,31463,1426,40482,32906
1495,7066,33482,1434,41982,34938
1496,13447,0,0,13447,22
1497,7315,33208,1445,41968,34669
1498,6721,32472,1803,40996,34298
1499,6695,31206,1424,39325,32655
1500,13602,33338,1457,48397,34818
1501,6639,0,0,6639,23
1502,6788,32983,1446,41217,34440
1503,6956,32239,1429,40624,33691
1504,6649,32168,1823,40640,34014
1505,13156,0,0,13156,22
1506,6836,33805,1772,42413,35591
1507,6708,32416,1423,40547,33862
1508,6792,0,0,6792,22
1509,15432,32623,1775,49830,34414
1510,6661,32548,1428,40637,33999
1511,6735,0,0,6735,22
1512,6629,33322,1444,41395,34778
1513,13335,33467,1676,48478,35165
1514,6841,32036,1438,40315,33496
1515,6682,34226,1620,42528,35869
1516,13222,0,0,13222,22
1517,6560,33170,1447,41177,34629
1518,6858,0,0,6858,22
1519,7179,31418,1798,40395,33233
1520,6979,33131,1428,41538,34582
1521,20732,0,0,20732,22
1522,6632,33680,1431,41743,35124
1523,6696,33731,1439,41866,35193
1524,13321,32699,1425,47445,34146
1525,6978,0,0,6978,22
1526,8259,31796,1408,41463,33221
1527,6911,34855,1439,43205,36314
1528,13123,0,0,13123,22
1529,6683,34652,1770,43105,36433
1530,7086,33160,1478,41724,34660
1531,13250,0,0,13250,23
1532,8311,33702,1599,43612,35317
1533,6646,33382,1819,41847,35224
1534,13088,0,0,13088,23
1535,6861,35134,1730,43725,36879
1536,6621,34238,1422,42281,35682
1537,13886,34801,1926,50613,36749
1538,6659,0,0,6659,22
1539,6880,34008,1429,42317,35799
1540,13220,0,0,13220,22
1541,8754,34755,1458,44967,36229
1542,13172,36651,1768,51591,38442
1543,6685,0,0,6685,22
1544,6711,36008,1443,44162,37463
1545,13397,0,0,13397,22
1546,7495,34205,1422,43122,35643
1547,14353,35577,2054,51984,37653
1548,6732,35081,1448,43261,36551
1549,6656,0,0,6656,22
1550,21520,34068,1947,57535,36031
1551,6817,0,0,6817,22
1552,13540,36821,1448,51809,38285
1553,7055,36686,1439,45180,38148
1554,13480,0,0,13480,22
1555,9190,33673,1434,44297,35121
1556,7050,0,0,7050,22
1557,8694,31200,1417,41311,32632
1558,15359,33004,1435,49798,34461
1559,6791,0,0,6791,22
1560,6714,34346,1453,42513,35810
1561,13350,33808,1441,48599,35272
1562,6705,32927,1431,41063,34380
1563,7024,0,0,7024,22
1564,15194,33250,1424,49868,34691
1565,6736,33365,1446,41547,34834
1566,6918,0,0,6918,22
1567,7507,31156,1428,40091,32599
1568,13496,32940,1581,48017,34544
1569,7030,0,0,7030,22
1570,7627,32853,1823,42303,34691
1571,6758,33619,1437,41814,35078
1572,13491,32654,1612,47757,34289
1573,7101,0,0,7101,22
1574,8430,31951,1428,41809,33396
1575,13571,35180,1450,50201,36653
1576,6673,0,0,6673,22
1577,6707,34256,1453,42416,35721
1578,6980,32895,1438,41313,34355
1579,13529,0,0,13529,22
1580,8316,31215,1410,40941,32641
1581,6872,34528,1836,43236,36385
1582,6805,0,0,6805,22
1583,13204,34789,1968,49961,36769
1584,6782,33513,1430,41725,34965
1585,6903,33630,1442,41975,35095
1586,13459,0,0,13459,22
1587,8433,33507,1447,43387,34971
1588,6726,33994,1442,42162,35457
1589,13506,0,0,13506,22
1590,7466,32310,1775,41551,34100
1591,6897,32016,1424,40337,33463
1592,6985,0,0,6985,22
1593,13905,33502,1432,48839,34950
1594,6729,33423,1442,41594,34888
1595,7061,0,0,7061,22
1596,14275,33800,1699,49774,35515
1597,6813,32469,1429,40711,33920
1598,7282,33093,2077,42452,35192
1599,6725,34653,1434,42812,36109
1600,13616,0,0,13616,22
1601,6978,33353,1426,41757,34793
1602,6962,0,0,6962,22
1603,8520,31329,1417,41266,32763
1604,13396,34473,1438,49307,35933
1605,6747,0,0,6747,22
1606,6716,33746,1445,41907,35203
1607,7108,33777,1432,42317,35232
1608,13545,32224,1755,47524,34002
1609,6713,34513,1804,43030,36340
1610,6733,0,0,6733,22
1611,6723,32443,1838,41004,34293
1612,13271,32713,2085,48069,34821
1613,6822,0,0,6822,22
1614,6649,32533,1438,40620,33983
1615,6718,32804,2142,41664,34969
1616,13614,0,0,13614,22
1617,7586,32931,1449,41966,34396
1618,6659,31448,1423,39530,32894
1619,6940,0,0,6940,22
1620,14387,32719,1434,48540,34169
1621,6802,32628,1621,41051,34272
1622,6937,31834,1759,40530,33616
1623,6708,32130,1430,40268,33581
1624,6642,0,0,6642,22
1625,13455,33542,1624,48621,35181
1626,6834,31846,1420,40100,33289
1627,6950,0,0,6950,22
1628,8323,30511,1416,40250,31944
1629,6847,33831,1820,42498,35672
1630,13255,0,0,13255,23
1631,6681,33202,1450,41333,34664
1632,7113,32293,2071,41477,34387
1633,6728,31964,1707,40399,33693
1634,13159,33494,1630,48283,35152
1635,7036,0,0,7036,22
1636,7569,32089,1430,41088,33535
1637,7029,33163,1436,41628,34621
1638,13392,0,0,13392,22
1639,7587,33901,1786,43274,35703
1640,6785,34048,1440,42273,35511
1641,13529,0,0,13529,22
1642,7598,34202,1445,43245,35663
1643,6676,32815,1434,40925,34271
1644,13633,35460,1444,50537,36927
1645,6826,0,0,6826,23
1646,6801,34530,1825,43156,36367
1647,15513,0,0,15513,22
1648,6774,35397,1443,43614,36853
1649,6995,33704,1722,42421,35449
1650,21995,0,0,21995,22
1651,6861,34284,1598,42743,35895
1652,13733,0,0,13733,22
1653,8251,35112,1431,44794,36559
1654,6564,34957,1448,42969,36428
1655,13058,0,0,13058,22
1656,6918,36051,1706,44675,37771
1657,13173,35432,1443,50048,36897
1658,6884,0,0,6884,23
1659,13845,35675,1464,50984,37155
1660,6705,34472,2035,43212,36530
1661,7936,0,0,7936,22
1662,13413,34963,1432,49808,36410
1663,6815,0,0,6815,22
1664,13981,36591,1441,52013,38048
1665,6717,37547,1733,45997,39303
1666,13155,0,0,13155,22
1667,6593,36554,1450,44597,38016
1668,13327,35157,1681,50165,36859
1669,6982,0,0,6982,22
1670,14928,35662,1433,52023,37112
1671,6874,0,0,6874,22
1672,8343,33406,1411,43160,34835
1673,23000,0,0,23000,26
1674,8531,33231,1434,43196,34681
1675,13709,36600,1430,51739,38052
1676,6927,0,0,6927,23
1677,7059,35626,1793,44478,37434
1678,13603,0,0,13603,22
1679,6843,35237,2168,44248,37419
1680,14040,34053,2370,50463,36445
1681,6935,33588,1433,41956,35044
1682,7106,0,0,7106,22
1683,15392,34121,1435,50948,35573
1684,6775,36164,1458,44397,37644
1685,13575,0,0,13575,22
1686,6849,35264,1441,43554,36717
1687,7168,0,0,7168,22
1688,14191,34811,1678,50680,36506
1689,6900,34463,1433,42796,35919
1690,6927,0,0,6927,26
1691,14126,34294,1430,49850,35739
1692,7221,35298,1812,44331,37132
1693,13494,0,0,13494,23
1694,6892,35613,1455,43960,37080
1695,6918,33896,1696,42510,35614
1696,13834,0,0,13834,22
1697,9417,33949,1477,44843,35443
1698,6803,34582,1432,42817,36036
1699,20191,0,0,20191,22
1700,8999,34562,1421,44982,35999
1701,14041,0,0,14041,22
1702,8559,34181,1801,44541,35999
1703,6991,0,0,6991,22
1704,13946,35950,1453,51349,37417
1705,7083,35218,1454,43755,36695
1706,13936,0,0,13936,22
1707,7718,34902,1428,44048,36346
1708,7260,34819,1437,43516,36279
1709,22867,0,0,22867,22
1710,8161,34129,1432,43722,35577
1711,14852,0,0,14852,23
1712,7478,35273,1765,44516,37055
1713,14792,0,0,14792,23
1714,8155,35579,1440,45174,37034
1715,7037,34867,1801,43705,36691
1716,15538,35885,1449,52872,37356
1717,7803,0,0,7803,22
1718,13944,36078,2415,52437,38507
1719,7516,0,0,7516,22
1720,14883,35963,1424,52270,37401
1721,8044,0,0,8044,22
1722,15329,36645,1423,53397,38085
1723,16297,0,0,16297,22
1724,8047,36160,2067,46274,38240
1725,17292,0,0,17292,27
1726,8579,36358,1432,46369,37806
1727,14520,0,0,14520,22
1728,9167,36604,1432,47203,38050
1729,14782,35743,1430,51955,37196
1730,7359,0,0,7359,22
1731,16616,36092,1441,54149,37549
1732,8129,0,0,8129,22
1733,16800,36633,1445,54878,38094
1734,7057,38136,1468,46661,39626
1735,14418,0,0,14418,22
1736,7876,38269,1447,47592,39728
1737,14632,0,0,14632,22
1738,7104,38676,1472,47252,40160
1739,14386,0,0,14386,22
1740,7925,38207,1783,47915,40001
1741,14567,0,0,14567,22
1742,7045,37582,1435,46062,39030
1743,13727,37911,1448,53086,39382
1744,6957,0,0,6957,22
1745,13955,36177,1597,51729,37786
1746,7178,0,0,7178,23
1747,15471,36292,1429,53192,37738
1748,7151,0,0,7151,22
1749,15512,36821,1431,53764,38268
1750,6991,36400,1467,44858,37890
1751,13870,0,0,13870,22
1752,8704,36721,1446,46871,38182
1753,13959,0,0,13959,22
1754,9128,36382,1441,46951,37840
1755,13571,38270,1466,53307,39759
1756,6954,0,0,6954,22
1757,13715,37800,1977,53492,39789
1758,7055,0,0,7055,22
1759,13592,36772,2200,52564,38987
1760,14033,0,0,14033,22
1761,7787,37353,1619,46759,38988
1762,13969,0,0,13969,27
1763,7439,36965,1468,45872,38494
1764,13980,36370,1432,51782,37824
1765,7280,0,0,7280,22
1766,16411,36737,1440,54588,38194
1767,6989,36542,1423,44954,37987
1768,14886,0,0,14886,22
1769,9868,36466,1459,47793,37940
1770,14752,0,0,14752,23
1771,8245,36590,1437,46272,38043
1772,14941,0,0,14941,22
1773,9863,36181,1437,47481,37634
1774,14515,0,0,14515,22
1775,7120,37766,1444,46330,39226
1776,14733,37476,1627,53836,39126
1777,7529,0,0,7529,22
1778,14539,36597,1453,52589,38062
1779,7149,0,0,7149,22
1780,15633,36377,1834,53844,38228
1781,8166,0,0,8166,22
1782,15382,36114,2138,53634,38268
1783,7192,0,0,7192,22
1784,15545,36397,1453,53395,37866
1785,6961,35831,1448,44240,37301
1786,13963,0,0,13963,22
1787,8596,35113,1428,45137,36557
1788,13885,37314,1819,53018,39155
1789,6952,0,0,6952,22
1790,13933,36966,1435,52334,38417
1791,6933,0,0,6933,22
1792,13909,37937,1448,53294,39399
1793,7071,0,0,7071,22
1794,13898,37071,1981,52950,39067
1795,6943,37465,1453,45861,38941
1796,13856,0,0,13856,22
1797,7071,36754,1441,45266,38209
1798,13640,0,0,13640,22
1799,7217,35912,2094,45223,38019
1800,13925,36006,1431,51362,37459
1801,7260,0,0,7260,22
1802,19285,35777,1431,56493,37225
1803,7188,0,0,7188,22
1804,10128,35817,1431,47376,37264
1805,23448,0,0,23448,23
1806,7367,35998,1434,44799,37447
1807,14829,0,0,14829,22
1808,8808,36891,1442,47141,38349
1809,15020,0,0,15020,22
1810,7670,37185,1440,46295,38641
1811,14768,0,0,14768,22
1812,8519,37219,1706,47444,38940
1813,14974,37205,1442,53621,38669
1814,7235,0,0,7235,22
1815,20641,38123,1447,60211,39585
1816,7042,0,0,7042,22
1817,23568,36328,1435,61331,37780
1818,7179,0,0,7179,22
1819,14015,38009,1438,53462,39462
1820,7175,0,0,7175,22
1821,14329,38092,1452,53873,39560
1822,7165,0,0,7165,22
1823,22510,36211,1445,60166,37672
1824,7449,36565,1824,45838,38411
1825,22077,0,0,22077,22
1826,7116,37686,1463,46265,39161
1827,21176,0,0,21176,22
1828,7358,37732,1806,46896,39551
1829,20079,0,0,20079,22
1830,7304,0,0,7304,15
1831,23325,35343,1436,60104,36796
1832,7309,0,0,7309,22
1833,23040,36125,1440,60605,37582
1834,7047,0,0,7047,22
1835,14127,36433,1430,51990,37878
1836,7397,37732,1453,46582,39208
1837,13766,0,0,13766,22
1838,7303,36906,1588,45797,38509
1839,14002,0,0,14002,22
1840,7099,38601,1460,47160,40078
1841,13817,0,0,13817,22
1842,7020,38319,1456,46795,39786
1843,13901,37338,2142,53381,39503
1844,7076,0,0,7076,22
1845,13950,37053,1449,52452,38516
1846,7039,0,0,7039,22
1847,21513,37034,1444,59991,38495
1848,7058,36769,1741,45568,38533
1849,20985,0,0,20985,22
1850,17250,0,0,17250,16
1851,7782,36408,1810,46000,38234
1852,14031,0,0,14031,22
1853,7777,36569,1787,46133,38371
1854,13993,0,0,13993,22
1855,7747,35421,1437,44605,36874
1856,14022,38067,1430,53519,39520
1857,6894,0,0,6894,22
1858,13946,37444,1611,53001,39071
1859,6992,0,0,6992,22
1860,13893,36817,1439,52149,38271
1861,7171,36813,1435,45419,38271
1862,13852,0,0,13852,22
1863,7076,37977,1617,46670,39605
1864,13922,0,0,13922,22
1865,6932,37739,1699,46370,39450
1866,13834,0,0,13834,22
1867,6969,37604,1448,46021,39064
1868,14087,37498,1827,53412,39348
1869,6907,0,0,6907,22
1870,13987,36067,1613,51667,37694
1871,7231,0,0,7231,22
1872,14451,36612,1431,52494,38060
1873,7184,35528,1607,44319,37158
1874,13942,0,0,13942,22
1875,8611,35796,1434,45841,37247
1876,14011,0,0,14011,23
1877,8560,35690,1452,45702,37158
1878,13674,37685,1466,52825,39173
1879,6997,0,0,6997,22
1880,13703,35674,2013,51390,37700
1881,7161,0,0,7161,22
1882,14682,36528,1455,52665,38000
1883,7266,0,0,7266,22
1884,14695,35619,2131,52445,37765
1885,6851,35637,1438,43926,37098
1886,14016,0,0,14016,22
1887,8606,34165,1413,44184,35595
1888,14075,37461,1439,52975,38922
1889,6996,0,0,6996,22
1890,13916,37671,1448,53035,39134
1891,7047,0,0,7047,22
1892,13927,37589,1441,52957,39046
1893,6936,0,0,6936,22
1894,6922,36326,1447,44695,37785
1895,21751,0,0,21751,22
1896,6980,37407,1470,45857,38890
1897,13658,36437,1442,51537,37902
1898,6946,35987,1781,44714,37791
1899,14141,0,0,14141,22
1900,7568,34824,1467,43859,36307
1901,13832,0,0,13832,22
1902,11198,35283,1425,47906,36725
1903,13937,0,0,13937,22
1904,8035,36296,1434,45765,37746
1905,13949,0,0,13949,23
1906,7858,36669,1447,45974,38133
1907,14085,0,0,14085,22
1908,7149,36721,1458,45328,38193
1909,13720,37210,1470,52400,38702
1910,6982,35718,1430,44130,37171
1911,14079,0,0,14079,22
1912,8869,36378,1424,46671,37819
1913,13802,0,0,13802,22
1914,8908,36321,1439,46668,37777
1915,13889,0,0,13889,22
1916,9054,36634,1423,47111,38073
1917,13820,0,0,13820,22
1918,8631,34559,1416,44606,35992
1919,15794,35529,1953,53276,37504
1920,6970,37296,1826,46092,39145
1921,13611,0,0,13611,22
1922,6933,36801,1434,45168,38247
1923,14027,0,0,14027,22
1924,7816,36072,2058,45946,38146
1925,13873,0,0,13873,22
1926,7772,36761,1444,45977,38221
1927,13984,0,0,13984,22
1928,7820,37028,1442,46290,38486
1929,13911,0,0,13911,22
1930,7808,35089,1709,44606,36813
1931,14051,37542,1444,53037,39009
1932,7003,36437,2122,45562,38582
1933,13648,0,0,13648,22
1934,7195,37155,1442,45792,38612
1935,13772,0,0,13772,23
1936,13783,37893,1950,53626,39859
1937,6960,0,0,6960,22
1938,13857,38054,1453,53364,39520
1939,7019,0,0,7019,22
1940,13914,37812,1960,53686,39788
1941,6932,37210,1442,45584,38674
1942,13930,0,0,13930,22
1943,7761,37253,1449,46463,38717
1944,13959,0,0,13959,22
1945,7786,35946,2093,45825,38056
1946,13924,37383,2277,53584,39683
1947,7095,0,0,7095,22
1948,14216,35888,1426,51530,37329
1949,7156,0,0,7156,22
1950,15633,36178,1436,53247,37631
1951,7243,0,0,7243,22
1952,14506,36328,1447,52281,37792
1953,6998,36969,1453,45420,38445
1954,13720,0,0,13720,22
1955,9294,37080,1460,47834,38552
1956,13750,0,0,13750,22
1957,6921,36282,1450,44653,37746
1958,7238,35379,1811,44428,37213
1959,13848,0,0,13848,22
1960,9251,35835,1420,46506,37271
1961,13843,0,0,13843,23
1962,8264,34958,1802,45024,36776
1963,14812,0,0,14812,22
1964,8573,33880,1412,43865,35309
1965,13756,37196,1724,52676,38942
1966,7006,0,0,7006,22
1967,13894,37091,1454,52439,38560
1968,7026,35999,1444,44469,37466
1969,7191,0,0,7191,22
1970,14450,35957,1445,51852,37417
1971,6970,34446,1431,42847,35899
1972,13953,0,0,13953,22
1973,8763,34621,1768,45152,36406
1974,13956,0,0,13956,22
1975,7871,35916,1426,45213,37359
1976,13927,0,0,13927,22
1977,7826,36198,1451,45475,37664
1978,6966,35239,2064,44269,37326
1979,14006,0,0,14006,22
1980,7785,35176,1816,44777,37008
1981,13971,35202,1448,50621,36671
1982,7102,0,0,7102,22
1983,15542,34484,1763,51789,36264
1984,6992,34571,1786,43349,36379
1985,6998,0,0,6998,22
1986,13727,37178,1445,52350,38636
1987,6992,0,0,6992,22
1988,13878,36684,1445,52007,38144
1989,7093,35511,1447,44051,36981
1990,13841,0,0,13841,22
1991,7811,35073,1427,44311,36516
1992,7346,34898,1432,43676,36352
1993,14059,0,0,14059,22
1994,9303,35240,1483,46026,36739
1995,13928,0,0,13928,22
1996,8620,34979,1991,45590,36986
1997,14119,0,0,14119,22
1998,8631,35522,1442,45595,36981
1999,13676,37567,1472,52715,39062
2000,7058,0,0,7058,22
2001,13636,36008,1688,51332,37709
2002,7284,0,0,7284,22
2003,14544,36468,1447,52459,37931
2004,7233,35493,1438,44164,36953
2005,13815,0,0,13815,23
2006,9057,35868,1949,46874,37832
2007,13970,0,0,13970,22
2008,8582,34142,1417,44141,35575
2009,7265,37690,1442,46397,39154
2010,21450,0,0,21450,22
2011,8296,35678,1443,45417,37137
2012,13788,0,0,13788,22
2013,7202,36963,1445,45610,38423
2014,6972,0,0,6972,22
2015,20388,36300,1440,58128,37757
2016,7042,34973,1767,43782,36762
2017,13991,0,0,13991,22
2018,7768,35870,1444,45082,37329
2019,6989,34252,1428,42669,35703
2020,13979,0,0,13979,22
2021,8855,34677,1437,44969,36131
2022,13848,0,0,13848,22
2023,7831,35712,1431,44974,37158
2024,6977,35427,1439,43843,36888
2025,13993,0,0,13993,22
2026,7774,34775,1456,44005,36246
2027,7123,0,0,7123,23
2028,14554,35103,1696,51353,36816
2029,6955,33269,1743,41967,35035
2030,14125,35423,1428,50976,36874
2031,6856,0,0,6856,22
2032,6964,36466,1447,44877,37925
2033,13847,0,0,13847,22
2034,7001,35859,1442,44302,37314
2035,7302,34960,1434,43696,36416
2036,13908,0,0,13908,22
2037,9012,34659,1452,45123,36127
2038,14077,0,0,14077,22
2039,7533,33506,1438,42477,34960
2040,7071,35720,1459,44250,37201
2041,13878,35270,1785,50933,37078
2042,7237,0,0,7237,22
2043,7817,34940,1500,44257,36456
2044,13692,34872,1777,50341,36672
2045,6982,0,0,6982,22
2046,7212,33944,1603,42759,35562
2047,13967,0,0,13967,22
2048,7462,35173,1452,44087,36640
2049,6874,34160,1811,42845,35994
2050,13943,0,0,13943,23
2051,7837,33574,2096,43507,35686
2052,6967,32955,1421,41343,34399
2053,13862,34653,1443,49958,36119
2054,6935,0,0,6935,22
2055,6971,36561,1437,44969,38009
2056,13767,0,0,13767,22
2057,6983,35196,2090,44269,37299
2058,7079,33989,1794,42862,35806
2059,13950,0,0,13950,22
2060,8855,33819,1457,44131,35293
2061,6944,34112,1434,42490,35569
2062,13577,0,0,13577,22
2063,7182,35203,1452,43837,36670
2064,7044,34139,1757,42940,35923
2065,14046,0,0,14046,22
2066,10797,33807,1423,46027,35245
2067,7140,33703,1447,42290,35173
2068,13950,0,0,13950,22
2069,8891,33328,1724,43943,35069
2070,7014,34832,1439,43285,36293
2071,21720,0,0,21720,22
2072,6916,35941,1455,44312,37408
2073,7021,0,0,7021,22
2074,20461,35406,1449,57316,36872
2075,7069,0,0,7069,23
2076,7027,34272,1688,42987,35973
2077,14187,34053,1429,49669,35503
2078,7100,34231,1582,42913,35836
2079,13866,0,0,13866,22
2080,7156,36113,1442,44711,37570
2081,7152,0,0,7152,22
2082,14087,35626,1450,51163,37092
2083,7138,35351,1796,44285,37170
2084,7270,0,0,7270,22
2085,14156,34062,1812,50030,35887
2086,7286,0,0,7286,22
2087,7630,33172,1424,42226,34612
2088,14270,35474,1455,51199,36952
2089,7034,34815,1439,43288,36277
2090,7364,0,0,7364,23
2091,14881,34959,1452,51292,36426
2092,7085,35027,1431,43543,36481
2093,7080,0,0,7080,22
2094,14018,33745,1442,49205,35203
2095,7315,0,0,7315,23
2096,15032,34768,1436,51236,36220
2097,7094,36174,1451,44719,37648
2098,6970,0,0,6970,22
2099,13952,34981,1619,50552,36612
2100,7358,33868,1446,42672,35337
2101,7100,34612,1418,43130,36053
2102,13705,0,0,13705,22
2103,9160,34262,1431,44853,35709
2104,7036,0,0,7036,22
2105,14190,36177,1612,51979,37805
2106,7076,35976,1783,44835,37782
2107,13924,0,0,13924,22
2108,7223,34106,1420,42749,35539
2109,7242,0,0,7242,22
2110,16147,34375,1431,51953,35821
2111,6961,0,0,6961,23
2112,7562,33320,1432,42314,34766
2113,14245,35505,1452,51202,36979
2114,7177,34992,1437,43606,36452
2115,7963,0,0,7963,22
2116,14646,34717,1470,50833,36201
2117,7088,33372,1428,41888,34823
2118,14111,0,0,14111,22
2119,8094,34737,1451,44282,36203
2120,7258,0,0,7258,22
2121,14392,35312,1425,51129,36753
2122,7088,34823,1444,43355,36289
2123,9717,0,0,9717,23
2124,14665,33868,2127,50660,36011
2125,7256,33729,1599,42584,35351
2126,7113,34235,1430,42778,35686
2127,13936,0,0,13936,23
2128,7368,35860,1438,44666,37312
2129,13860,0,0,13860,22
2130,7274,35881,1436,44591,37332
2131,7208,35714,1444,44366,37180
2132,14098,0,0,14098,23
2133,7155,33354,1430,41939,34797
2134,7214,0,0,7214,22
2135,7981,31944,1425,41350,33384
2136,14189,34626,1443,50258,36092
2137,7170,33351,1442,41963,34816
2138,6989,33693,1432,42114,35147
2139,7100,0,0,7100,22
2140,14337,32433,1426,48196,33875
2141,7255,0,0,7255,22
2142,8616,32647,1459,42722,34122
2143,6985,33700,1446,42131,35169
2144,14152,0,0,14152,22
2145,7915,31644,1430,40989,33090
2146,7300,33726,1440,42466,35189
2147,14116,0,0,14116,23
2148,7136,33005,2133,42274,35154
2149,7108,33578,1450,42136,35050
2150,7320,32557,1926,41803,34506
2151,14210,0,0,14210,22
2152,8543,31012,1418,40973,32447
2153,7345,34327,1447,43119,35795
2154,7118,34614,1452,43184,36089
2155,14156,0,0,14156,22
2156,7216,32260,1459,40935,33733
2157,7203,0,0,7203,23
2158,8332,30530,1430,40292,31977
2159,7354,33790,1460,42604,35272
2160,20566,32879,1438,54883,34340
2161,7257,0,0,7257,22
2162,7708,32062,1460,41230,33537
2163,7266,31565,1422,40253,33010
2164,14024,0,0,14024,22
2165,9082,31257,1993,42332,33265
2166,6885,32533,1699,41117,34255
2167,6967,31282,1421,39670,32726
2168,7215,0,0,7215,22
2169,14528,33220,1442,49190,34679
2170,7102,32418,3041,42561,35481
2171,7108,0,0,7108,22
2172,6945,31138,1432,39515,32582
2173,15852,32245,1433,49530,33701
2174,6980,32469,1436,40885,33928
2175,7048,0,0,7048,22
2176,6961,33738,1448,42147,35198
2177,7158,32631,1427,41216,34080
2178,22157,0,0,22157,22
2179,7044,32275,1765,41084,34052
2180,6806,32804,1427,41037,34252
2181,6705,0,0,6705,22
2182,13452,33863,1458,48773,35335
2183,6879,31863,1437,40179,33323
2184,9213,32031,1442,42686,33496
2185,6876,33607,1456,41939,35090
2186,6809,0,0,6809,22
2187,20492,32117,1752,54361,33884
2188,7415,0,0,7415,22
2189,7860,33117,1467,42444,34600
2190,7146,31676,1427,40249,33126
2191,14311,0,0,14311,23
2192,7502,33718,1441,42661,35174
2193,7045,32432,2137,41614,34592
2194,7158,0,0,7158,22
2195,14650,33116,1467,49233,34599
2196,7113,31489,1474,40076,32986
2197,7368,33079,1448,41895,34550
2198,7111,33672,2122,42905,35817
2199,7200,0,0,7200,22
2200,20978,32800,2126,55904,34942
2201,7698,0,0,7698,22
2202,7361,32194,1433,40988,33641
2203,7114,32397,1808,41319,34228
2204,13792,0,0,13792,22
2205,7262,33576,1624,42462,35214
2206,7200,32086,1779,41065,33888
2207,7250,0,0,7250,22
2208,14687,33661,1435,49783,35112
2209,7085,32949,1624,41658,34596
2210,7046,33501,1770,42317,35293
2211,14240,0,0,14240,22
2212,7905,34084,1448,43437,35547
2213,6985,32301,1771,41057,34094
2214,14131,0,0,14131,22
2215,7932,34208,1605,43745,35829
2216,7106,34803,1976,43885,36801
2217,7160,0,0,7160,22
2218,20550,35340,1463,57353,36818
2219,7042,0,0,7042,22
2220,7200,34377,1466,43043,35857
2221,14275,32963,1598,48836,34583
2222,7075,34039,1434,42548,35496
2223,7044,0,0,7044,22
2224,14198,35131,1443,50772,36589
2225,7146,0,0,7146,23
2226,7086,35578,1477,44141,37068
2227,14059,35206,1623,50888,36851
2228,7100,0,0,7100,22
2229,7403,33802,1428,42633,35243
2230,14179,0,0,14179,22
2231,7908,32793,1424,42125,34234
2232,7272,35261,1455,43988,36739
2233,14080,34502,1439,50021,35963
2234,7318,0,0,7318,22
2235,7932,33404,1424,42760,34844
2236,14160,33293,1424,48877,34740
2237,7417,0,0,7417,22
2238,9257,33473,1439,44169,34928
2239,14005,35356,1450,50811,36828
2240,7125,0,0,7125,22
2241,7027,34584,1437,43048,36033
2242,17175,0,0,17175,22
2243,7623,34190,1449,43262,35656
2244,7125,32878,1435,41438,34336
2245,14093,34726,1441,50260,36190
2246,7058,0,0,7058,22
2247,7138,35729,1619,44486,37361
2248,13978,0,0,13978,22
2249,7049,35398,1626,44073,37036
2250,7330,33534,1765,42629,35322
2251,14139,0,0,14139,22
2252,9123,34023,1438,44584,35476
2253,7123,34000,1442,42565,35464
2254,13780,0,0,13780,22
2255,7253,34961,1804,44018,36780
2256,7157,34235,1440,42832,35698
2257,21906,0,0,21906,22
2258,6979,34548,1442,42969,36002
2259,14144,0,0,14144,22
2260,7925,33632,1423,42980,35071
2261,7254,33528,1435,42217,34985
2262,14150,0,0,14150,22
2263,7518,34672,1443,43633,36131
2264,7041,34730,1449,43220,36201
2265,14341,0,0,14341,22
2266,7915,34438,1447,43800,35900
2267,6955,33541,1766,42262,35330
2268,13818,34899,1431,50148,36352
2269,7126,0,0,7126,23
2270,7267,35049,1439,43755,36503
2271,13947,0,0,13947,22
2272,6994,36063,2130,45187,38205
2273,7065,33997,1431,42493,35451
2274,14168,0,0,14168,22
2275,9454,34155,1429,45038,35599
2276,7007,34640,1424,43071,36087
2277,22780,0,0,22780,22
2278,7256,0,0,7256,15
2279,7871,32957,1417,42245,34391
2280,13993,35572,1477,51042,37072
2281,7010,33940,1621,42571,35584
2282,7020,33977,2075,43072,36075
2283,14038,0,0,14038,22
2284,7546,31993,1469,41008,33477
2285,7225,0,0,7225,22
2286,8547,33118,1442,43107,34582
2287,13718,33816,1442,48976,35280
2288,7372,0,0,7372,22
2289,7855,31665,1434,40954,33115
2290,7113,32852,1433,41398,34308
2291,6950,33896,1453,42299,35372
2292,13736,0,0,13736,22
2293,6979,33276,1439,41694,34727
2294,7279,32625,1419,41323,34067
2295,6884,32310,1423,40617,33756
2296,6960,0,0,6960,22
2297,13900,33845,1833,49578,35693
2298,6997,32484,1436,40917,33942
2299,7201,0,0,7201,22
2300,8567,30127,1406,40100,31549
2301,7097,33474,1446,42017,34942
2302,6983,31673,1679,40335,33375
2303,10816,0,0,10816,22
2304,14076,32426,1427,47929,33869
2305,7128,30589,1787,39504,32398
2306,6879,32182,1612,40673,33816
2307,7265,0,0,7265,22
2308,7812,29774,1440,39026,31230
2309,7204,29582,1429,38215,31034
2310,7036,29577,2080,38693,31679
2311,6867,28725,1407,36999,30155
2312,7174,0,0,7174,22
2313,7435,30200,1447,39082,31662
2314,7094,27438,2122,36654,29583
2315,7179,29674,1432,38285,31129
2316,217,29799,1442,31458,31264
2317,13836,28708,1482,44026,30212
2318,7026,29158,1709,37893,30889
2319,6997,29527,1421,37945,30971
2320,7262,0,0,7262,22
2321,8818,27261,1416,37495,28694
2322,7301,30064,1446,38811,31531
2323,7162,28542,1419,37123,29984
2324,6942,27969,1446,36357,29438
2325,7004,0,0,7004,22
2326,156,27496,1430,29082,28938
2327,7233,27164,1429,35826,28615
2328,7094,27687,1787,36568,29496
2329,7036,26721,1418,35175,28162
2330,7337,28036,1445,36818,29503
2331,801,26143,1408,28352,27574
2332,7243,29661,1615,38519,31297
2333,6978,28388,1430,36796,29841
2334,7050,28233,1712,36995,29968
2335,7131,28909,1448,37488,30380
2336,7089,27611,1452,36152,29085
2337,7177,28709,1603,37489,30335
2338,7167,0,0,7167,22
2339,1036,27311,1427,29774,28754
2340,6992,29464,1443,37899,30929
2341,7035,27196,1427,35658,28646
2342,7359,28678,1423,37460,30123
2343,7094,29737,1713,38544,31473
2344,7120,26791,1420,35331,28233
2345,7343,29800,2147,39290,31969
2346,7070,28628,1426,37124,30075
2347,6970,28506,1699,37175,30228
2348,240,28073,1747,30060,29842
2349,7378,0,0,7378,22
2350,8760,27117,1418,37295,28552
2351,7141,29524,1429,38094,30973
2352,7447,29600,1434,38481,31057
2353,7025,29022,1443,37490,30488
2354,7020,29093,1425,37538,30541
2355,7397,29168,1802,38367,30993
2356,7111,30306,1450,38867,31778
2357,7392,0,0,7392,22
2358,7815,29687,1463,38965,31166
2359,7319,31910,1426,40655,33359
2360,6954,31588,1664,40206,33275
2361,7440,0,0,7440,22
2362,7900,30138,1681,39719,31840
2363,14242,31633,1777,47652,33432
2364,7248,32486,2118,41852,34625
2365,6980,30755,1434,39169,32212
2366,7355,0,0,7355,22
2367,8746,30247,1423,40416,31687
2368,7521,33398,1452,42371,34872
2369,13952,0,0,13952,22
2370,6921,33407,1972,42300,35391
2371,7398,32205,1427,41030,33658
2372,7031,32493,1422,40946,33938
2373,7188,0,0,7188,22
2374,7252,33362,1463,42077,34839
2375,20576,0,0,20576,22
2376,7100,33956,1456,42512,35425
2377,7099,32271,1783,41153,34076
2378,7385,32128,1436,40949,33586
2379,14136,0,0,14136,22
2380,12340,32419,1434,46193,33868
2381,7121,33085,1444,41650,34552
2382,7395,0,0,7395,23
2383,7976,31638,1432,41046,33085
2384,14248,33234,1438,48920,34695
2385,7249,0,0,7249,22
2386,8034,32479,2471,42984,34965
2387,7129,32949,1792,41870,34764
2388,15439,31672,1439,48550,33134
2389,7304,0,0,7304,22
2390,8650,31247,1422,41319,32686
2391,7505,34117,1440,43062,35577
2392,13998,0,0,13998,22
2393,7080,34513,1446,43039,35972
2394,7263,32916,1422,41601,34360
2395,6989,33306,1427,41722,34755
2396,14013,0,0,14013,306
2397,8833,32772,1693,43298,34482
2398,7142,0,0,7142,22
2399,7033,33487,1448,41968,34947
2400,22819,33272,1623,57714,34918
2401,7046,31460,1580,40086,33063
2402,7324,0,0,7324,22
2403,8657,32319,1429,42405,33764
2404,13689,33581,1447,48717,35051
2405,7059,0,0,7059,22
2406,6909,30940,1662,39511,32613
2407,8662,31247,1419,41328,32689
2408,7308,0,0,7308,22
2409,14177,33144,1429,48750,34589
2410,7034,31773,2073,40880,33869
2411,7064,0,0,7064,22
2412,7707,30446,1961,40114,32422
2413,7131,32293,1423,40847,33738
2414,14097,32244,2101,48442,34367
2415,7019,31563,1437,40019,33023
2416,7158,0,0,7158,22
2417,8519,30098,1677,40294,31792
2418,7131,34161,1435,42727,35618
2419,7042,31948,1423,40413,33393
2420,13904,0,0,13904,22
2421,9220,32134,1435,42789,33585
2422,6898,31662,1429,39989,33113
2423,6960,0,0,6960,22
2424,6988,32322,1440,40750,33773
2425,7301,31954,2128,41383,34104
2426,22381,30769,1416,54566,32208
2427,7281,0,0,7281,22
2428,8697,31316,1721,41734,33054
2429,7115,32258,2032,41405,34313
2430,7439,0,0,7439,22
2431,14321,30422,2773,47516,33211
2432,7860,31102,1418,40380,32543
2433,7281,0,0,7281,22
2434,7995,33610,1439,43044,35064
2435,13966,33977,1454,49397,35454
2436,7299,33353,1813,42465,35189
2437,7012,34139,1426,42577,35588
2438,14112,0,0,14112,22
2439,8730,34234,1431,44395,35681
2440,7126,0,0,7126,22
2441,13953,36014,1442,51409,37471
2442,7047,34738,2146,43931,36907
2443,7109,0,0,7109,22
2444,16548,33909,1429,51886,35352
2445,7180,0,0,7180,22
2446,8660,33805,1424,43889,35245
2447,14155,0,0,14155,23
2448,7627,32338,1421,41386,33773
2449,7350,34267,1634,43251,35923
2450,6996,33072,1812,41880,34907
2451,14243,35526,1439,51208,36987
2452,7135,0,0,7135,22
2453,7305,34091,1429,42825,35534
2454,14181,0,0,14181,22
2455,7537,35771,1451,44759,37238
2456,13921,36397,1457,51775,37876
2457,7194,0,0,7194,22
2458,7124,34205,1821,43150,36040
2459,13952,0,0,13952,22
2460,7850,31021,1426,40297,32464
2461,7347,32894,1498,41739,34415
2462,7102,33117,1629,41848,34769
2463,7064,31480,1847,40391,33350
2464,7248,0,0,7248,22
2465,15433,30357,1407,47197,31780
2466,7359,33930,1454,42743,35405
2467,7132,0,0,7132,22
2468,7042,34234,1452,42728,35698
2469,7235,31994,1432,40661,33448
2470,6999,31975,1437,40411,33435
2471,13994,0,0,13994,22
2472,7306,33623,1448,42377,35085
2473,7157,32079,1423,40659,33524
2474,7215,32228,1420,40863,33671
2475,7024,33460,1447,41931,34930
2476,7045,0,0,7045,22
2477,13950,33210,1436,48596,34658
2478,7443,0,0,7443,22
2479,7777,30751,1428,39956,32195
2480,7254,32618,1426,41298,34067
2481,7047,32150,1435,40632,33607
2482,7271,0,0,7271,22
2483,7916,30417,1427,39760,31860
2484,7299,32075,1433,40807,33530
2485,21063,31930,1435,54428,33387
2486,7050,0,0,7050,22
2487,7144,32809,2145,42098,34966
2488,7254,31971,1421,40646,33415
2489,7123,31721,1430,40274,33178
2490,6991,0,0,6991,22
2491,6943,32046,2630,41619,34688
2492,14199,31427,1426,47052,32875
2493,7248,0,0,7248,22
2494,8765,29390,1414,39569,30821
2495,7249,32658,1443,41350,34123
2496,7054,30942,1420,39416,32384
2497,7223,30772,1787,39782,32581
2498,7148,32261,1441,40850,33724
2499,7339,0,0,7339,22
2500,14683,32273,1454,48410,33742
2501,7068,31246,1426,39740,32695
2502,7290,0,0,7290,22
2503,7636,33548,1441,42625,35005
2504,7063,32874,1438,41375,34335
2505,14278,0,0,14278,22
2506,7783,31340,1610,40733,32964
2507,7222,32861,1743,41826,34626
2508,10352,33524,2164,46040,35710
2509,7117,31405,1428,39950,32856
2510,14210,0,0,14210,22
2511,9276,32297,2138,43711,34450
2512,7319,0,0,7319,22
2513,8829,31525,1433,41787,32975
2514,14426,35250,1432,51108,36705
2515,7004,0,0,7004,22
2516,6960,34475,2210,43645,36698
2517,7077,33107,1430,41614,34560
2518,21323,0,0,21323,22
2519,7272,33669,1436,42377,35119
2520,7077,32747,1426,41250,34196
2521,13898,0,0,13898,22
2522,9129,32792,1709,43630,34516
2523,6986,33266,1795,42047,35084
2524,7031,32146,1417,40594,33586
2525,15631,0,0,15631,22
2526,7174,32967,1427,41568,34409
2527,7286,0,0,7286,22
2528,7532,33921,1447,42900,35384
2529,13692,33737,1440,48869,35199
2530,7194,0,0,7194,23
2531,7787,31132,2114,41033,33262
2532,7255,33382,1429,42066,34834
2533,14094,33621,1431,49146,35075
2534,6857,34469,1444,42770,35936
2535,6958,0,0,6958,26
2536,7130,32826,1419,41375,34258
2537,13960,0,0,13960,23
2538,8688,31084,1415,41187,32515
2539,7133,34034,1442,42609,35498
2540,6955,32476,1429,40860,33928
2541,7208,0,0,7208,22
2542,22874,32079,1594,56547,33690
2543,7332,0,0,7332,22
2544,7469,31118,1430,40017,32562
2545,7267,33000,2037,42304,35059
2546,7019,32733,1437,41189,34193
2547,13973,31466,1803,47242,33292
2548,7883,0,0,7883,22
2549,7248,31812,1429,40489,33255
2550,6992,32672,1445,41109,34138
2551,7254,0,0,7254,22
2552,14835,33224,1442,49501,34681
2553,7103,31246,1429,39778,32697
2554,7169,0,0,7169,22
2555,7419,32599,1955,41973,34570
2556,13927,33333,1444,48704,34798
2557,7329,32103,1447,40879,33572
2558,7118,32982,1433,41533,34438
2559,7030,0,0,7030,22
2560,6987,34168,2004,43159,36184
2561,20560,0,0,20560,22
2562,7031,34258,2119,43408,36390
2563,7099,32034,1740,40873,33797
2564,7162,0,0,7162,22
2565,15603,33228,1436,50267,34681
2566,7091,32823,1439,41353,34284
2567,7205,0,0,7205,22
2568,13967,34580,1456,50003,36051
2569,7029,33730,1455,42214,35207
2570,10418,32136,1421,43975,33580
2571,7327,0,0,7327,22
2572,15784,32548,1437,49769,34002
2573,6948,34545,1694,43187,36261
2574,7043,0,0,7043,22
2575,13850,33533,1436,48819,34983
2576,7379,0,0,7379,22
2577,7865,31795,1436,41096,33248
2578,7144,33182,1445,41771,34650
2579,14050,0,0,14050,23
2580,7615,33560,1448,42623,35023
2581,7086,33330,1453,41869,34806
2582,7099,30937,1413,39449,32373
2583,22918,0,0,22918,22
2584,8690,30802,1415,40907,32234
2585,7378,33931,1803,43112,35755
2586,7153,0,0,7153,22
2587,13717,34402,1443,49562,35856
2588,7005,32851,1429,41285,34302
2589,7230,0,0,7230,22
2590,16252,33187,1427,50866,34630
2591,7054,32713,1442,41209,34178
2592,6977,34055,1440,42472,35516
2593,7275,0,0,7275,22
2594,14784,33575,1446,49805,35036
2595,7089,32112,1417,40618,33552
2596,7345,0,0,7345,22
2597,8961,33388,1437,43786,34840
2598,13727,34723,1455,49905,36201
2599,7134,0,0,7134,22
2600,6980,33557,1444,41981,35014
2601,14013,0,0,14013,22
2602,7762,32149,1425,41336,33591
2603,7193,33471,1423,42087,34915
2604,7168,33408,1444,42020,34875
2605,14192,32845,1429,48466,34296
2606,7242,0,0,7242,22
2607,8646,33307,1591,43544,34914
2608,7016,32837,1760,41613,34620
2609,13964,0,0,13964,22
2610,7217,34685,1445,43347,36144
2611,6985,33124,1437,41546,34584
2612,7196,0,0,7196,22
2613,15812,32725,1769,50306,34510
2614,7237,0,0,7237,22
2615,7979,31886,1416,41281,33317
2616,7214,34167,1445,42826,35634
2617,13940,33065,1808,48813,34895
2618,6903,31969,1448,40320,33440
2619,7147,0,0,7147,22
2620,9022,32973,1425,43420,34414
2621,13883,34948,1458,50289,36429
2622,7138,0,0,7138,22
2623,7031,33291,1757,42079,35061
2624,6940,31911,1420,40271,33353
2625,14007,0,0,14007,22
2626,7852,33616,1432,42900,35065
2627,7039,32853,1795,41687,34671
2628,7298,32315,1432,41045,33770
2629,13824,0,0,13824,22
2630,9056,31324,1814,42194,33153
2631,8402,32890,1429,42721,34342
2632,10478,0,0,10478,22
2633,7111,34539,1759,43409,36309
2634,13685,34116,1786,49587,35925
2635,6992,0,0,6992,22
2636,7312,32958,1425,41695,34395
2637,7014,32803,1691,41508,34516
2638,13846,0,0,13846,22
2639,7139,34290,1446,42875,35751
2640,7045,32443,1429,40917,33894
2641,7885,31456,1773,41114,33251
2642,7329,0,0,7329,22
2643,22006,32252,1415,55673,33685
2644,6973,34154,1457,42584,35633
2645,7032,0,0,7032,22
2646,13978,34412,1441,49831,35865
2647,7390,0,0,7390,22
2648,7774,33594,1421,42789,35031
2649,14048,37140,1440,52628,38601
2650,7154,0,0,7154,23
2651,14119,35605,1424,51148,37044
2652,7220,36359,1792,45371,38174
2653,7028,0,0,7028,22
2654,13852,35976,1598,51426,37586
2655,7076,36931,1617,45624,38571
2656,14097,0,0,14097,23
2657,7118,35195,1422,43735,36630
2658,7331,0,0,7331,22
2659,15836,35237,1437,52510,36690
2660,7337,0,0,7337,22
2661,15406,35046,2136,52588,37198
2662,7095,35389,1445,43929,36857
2663,14028,0,0,14028,22
2664,7317,36776,1446,45539,38236
2665,7063,35762,1448,44273,37233
2666,14146,0,0,14146,22
2667,7925,36194,1452,45571,37661
2668,14262,0,0,14262,22
2669,7764,35042,1450,44256,36509
2670,7175,34785,1597,43557,36404
2671,21953,0,0,21953,22
2672,8772,34433,1431,44636,35882
2673,14323,0,0,14323,22
2674,7815,35942,1432,45189,37390
2675,14276,0,0,14276,22
2676,7194,36280,1431,44905,37727
2677,7209,35962,1463,44634,37448
2678,13853,0,0,13853,22
2679,7062,36269,1762,45093,38043
2680,14352,36051,1779,52182,37853
2681,7685,0,0,7685,22
2682,7249,35273,1479,44001,36765
2683,14028,0,0,14028,22
2684,8884,33355,1428,43667,34800
2685,14307,37124,1424,52855,38571
2686,7079,0,0,7079,22
2687,7261,36524,1449,45234,37987
2688,23451,0,0,23451,22
2689,8597,34809,1439,44845,36264
2690,13749,35275,1435,50459,36732
2691,8271,0,0,8271,23
2692,6938,35565,1446,43949,37022
2693,14124,0,0,14124,22
2694,7881,33681,1467,43029,35165
2695,13928,35948,1613,51489,37584
2696,6954,0,0,6954,22
2697,7045,34904,2074,44023,36991
2698,14188,0,0,14188,23
2699,7412,35764,1442,44618,37221
2700,6988,35104,1439,43531,36570
2701,21568,0,0,21568,22
2702,7088,35056,1444,43588,36512
2703,14382,34530,1437,50349,35989
2704,7245,0,0,7245,22
2705,8851,35151,1436,45438,36604
2706,14307,0,0,14307,22
2707,8763,33118,1413,43294,34547
2708,14186,36775,1435,52396,38233
2709,7141,0,0,7141,23
2710,7057,36540,1718,45315,38270
2711,14159,0,0,14159,22
2712,7022,36098,1966,45086,38077
2713,13813,36064,1448,51325,37535
2714,7171,33985,1428,42584,35436
2715,7304,0,0,7304,22
2716,16317,35132,1434,52883,36582
2717,7234,0,0,7234,26
2718,16261,34758,1424,52443,36199
2719,7085,36970,1452,45507,38443
2720,7240,0,0,7240,22
2721,13746,35526,1452,50724,36992
2722,7351,0,0,7351,22
2723,14762,35842,1440,52044,37299
2724,7455,34808,1425,43688,36255
2725,6979,34719,2175,43873,36917
2726,22528,0,0,22528,22
2727,7295,0,0,7295,15
2728,15740,35527,1433,52700,36976
2729,6951,35546,1437,43934,37005
2730,13694,0,0,13694,22
2731,7324,37178,1456,45958,38648
2732,7080,0,0,7080,22
2733,13879,37083,1436,52398,38535
2734,6944,36088,1441,44473,37551
2735,14072,0,0,14072,22
2736,7797,35078,1424,44299,36517
2737,14625,36264,1440,52329,37727
2738,6893,0,0,6893,22
2739,7211,34299,2119,43629,36433
2740,14051,0,0,14051,22
2741,9174,34023,1604,44801,35643
2742,6875,34946,1443,43264,36412
2743,16765,0,0,16765,22
2744,7905,34756,1461,44122,36233
2745,7343,0,0,7343,22
2746,21386,34648,1789,57823,36454
2747,7081,0,0,7081,22
2748,7806,33138,1437,42381,34590
2749,14117,34615,1431,50163,36069
2750,7372,34257,1793,43422,36073
2751,6910,0,0,6910,22
2752,13679,35939,1617,51235,37568
2753,7069,33987,1690,42746,35700
2754,8966,0,0,8966,22
2755,13974,34094,1491,49559,35598
2756,7151,0,0,7151,22
2757,8644,32528,1416,42588,33961
2758,14067,35581,1455,51103,37058
2759,7130,0,0,7130,22
2760,6867,35169,1799,43835,36979
2761,13687,34672,1445,49804,36139
2762,7018,33054,1439,41511,34515
2763,7233,0,0,7233,22
2764,15596,33298,1440,50334,34754
2765,6868,34991,1795,43654,36809
2766,7001,0,0,7001,22
2767,13739,34244,1446,49429,35703
2768,7368,0,0,7368,22
2769,7727,32199,1477,41403,33692
2770,13909,33983,1436,49328,35441
2771,7307,0,0,7307,22
2772,7817,33313,2150,43280,35479
2773,7070,33656,1610,42336,35289
2774,13698,33266,1477,48441,34766
2775,7248,0,0,7248,22
2776,8682,31616,1445,41743,33077
2777,7258,35211,1607,44076,36839
2778,13738,0,0,13738,22
2779,6823,34323,2466,43612,36801
2780,7027,33044,1432,41503,34498
2781,13978,0,0,13978,22
2782,9411,33180,1431,44022,34627
2783,6881,33093,1445,41419,34560
2784,6906,33461,1754,42121,35238
2785,14015,0,0,14015,22
2786,7807,33075,1708,42590,34799
2787,7093,31232,1426,39751,32681
2788,7158,0,0,7158,22
2789,8483,31979,1448,41910,33445
2790,13689,32725,1719,48133,34466
2791,7239,0,0,7239,22
2792,7851,31302,1427,40580,32745
2793,7249,32656,1446,41351,34124
2794,6888,32555,1451,40894,34028
2795,14006,0,0,14006,22
2796,7800,32064,2351,42215,34430
2797,7009,31237,1410,39656,32670
2798,7169,32992,1443,41604,34461
2799,6928,34474,1454,42856,35949
2800,20412,0,0,20412,22
2801,7058,34362,1451,42871,35824
2802,7057,0,0,7057,22
2803,7258,33072,1430,41760,34516
2804,13912,0,0,13912,22
2805,8662,31215,1426,41303,32658
2806,7337,33419,1995,42751,35436
2807,7058,32316,1425,40799,33763
2808,13804,32484,1426,47714,33933
2809,7259,0,0,7259,22
2810,9152,32631,1439,43222,34086
2811,6930,32736,1809,41475,34567
2812,13973,0,0,13973,22
2813,7845,32888,1618,42351,34521
2814,6987,31872,1424,40283,33319
2815,7255,0,0,7255,23
2816,7377,33761,1444,42582,35220
2817,19998,0,0,19998,23
2818,7152,33557,1445,42154,35018
2819,6734,33517,1437,41688,34976
2820,6734,31761,1416,39911,33199
2821,13329,33013,1707,48049,34743
2822,6700,0,0,6700,22
2823,6669,34114,1815,42598,35941
2824,6926,32835,1420,41181,34277
2825,13315,0,0,13315,22
2826,8608,31054,1405,41067,32474
2827,6892,33935,2168,42995,36124
2828,6744,0,0,6744,22
2829,13203,34215,1995,49413,36222
2830,13183,33497,1428,48108,34948
2831,6558,0,0,6558,23
2832,6656,33878,1427,41961,35317
2833,13498,32620,1426,47544,34069
2834,6779,32835,1841,41455,34698
2835,6937,0,0,6937,22
2836,7424,32586,1429,41439,34031
2837,13423,32531,1427,47381,33980
2838,6862,0,0,6862,22
2839,7564,33584,1449,42597,35048
2840,6650,33734,1448,41832,35205
2841,13270,0,0,13270,22
2842,7511,32271,1439,41221,33725
2843,6943,33629,1435,42007,35087
2844,6800,34535,1783,43118,36341
2845,12918,0,0,12918,22
2846,6670,33488,1820,41978,35319
2847,6911,32630,1771,41312,34423
2848,6714,33480,1424,41618,34927
2849,19749,0,0,19749,22
2850,8705,33018,1432,43155,34465
2851,6871,0,0,6871,22
2852,6753,34762,1438,42953,36213
2853,13700,32908,1426,48034,34357
2854,6943,0,0,6943,27
2855,7511,31047,2064,40622,33127
2856,7078,34044,1461,42583,35528
2857,13415,32916,1440,47771,34379
2858,7070,0,0,7070,22
2859,7477,32079,1445,41001,33540
2860,7053,32005,1426,40484,33452
2861,6757,33213,1441,41411,34676
2862,13690,0,0,13690,22
2863,7608,33372,1682,42662,35070
2864,6743,31923,1422,40088,33368
2865,6933,0,0,6933,22
2866,13956,33762,1480,49198,35259
2867,6784,33037,1757,41578,34817
2868,7088,32514,1428,41030,33965
2869,6703,33191,1423,41317,34636
2870,13164,0,0,13164,22
2871,7011,34724,1437,43172,36175
2872,6772,34865,1612,43249,36500
2873,6853,0,0,6853,22
2874,13364,33805,1427,48596,35245
2875,6946,0,0,6946,22
2876,8892,32080,1417,42389,33514
2877,13647,35654,1448,50749,37124
2878,6698,0,0,6698,28
2879,6642,35271,1792,43705,37075
2880,13314,34761,1467,49542,36251
2881,6796,33043,1475,41314,34540
2882,7012,0,0,7012,22
2883,15063,34117,1429,50609,35564
2884,6755,35979,1704,44438,37706
2885,6812,0,0,6812,22
2886,13281,35090,1442,49813,36546
2887,7042,0,0,7042,22
2888,13774,34711,1789,50274,36517
2889,6781,32727,1419,40927,34169
2890,7056,0,0,7056,22
2891,7315,34435,1437,43187,35887
2892,13164,35225,1457,49846,36704
2893,6765,32063,1428,40256,33514
2894,6983,0,0,6983,22
2895,15712,32711,1484,49907,34209
2896,6712,32573,1440,40725,34035
2897,6732,0,0,6732,22
2898,6735,33309,1801,41845,35121
2899,7070,32182,1422,40674,33627
2900,6750,32602,1445,40797,34070
2901,19718,0,0,19718,22
2902,8715,31835,1706,42256,33556
2903,6666,0,0,6666,22
2904,6719,32810,1617,41146,34440
2905,13594,34167,1429,49190,35618
2906,7864,32645,1427,41936,34094
2907,6825,0,0,6825,22
2908,14995,33914,1439,50348,35370
2909,6693,34685,1447,42825,36154
2910,7089,0,0,7089,22
2911,13440,34909,1447,49796,36376
2912,6730,34360,1426,42516,35809
2913,6740,0,0,6740,22
2914,13407,34699,1429,49535,36143
2915,6825,0,0,6825,22
2916,7095,34987,1433,43515,36436
2917,13215,34547,1449,49211,36019
2918,6885,34006,1421,42312,35449
2919,9417,0,0,9417,22
2920,14880,34643,1434,50957,36094
2921,6718,34522,1443,42683,35988
2922,13229,0,0,13229,23
2923,7019,35864,1444,44327,37322
2924,6651,0,0,6651,22
2925,12966,36713,1449,51128,38175
2926,6723,33679,2054,42456,35755
2927,13400,0,0,13400,22
2928,7765,35161,1440,44366,36616
2929,6615,34565,1428,42608,36015
2930,13143,36465,1630,51238,38117
2931,6727,0,0,6727,22
2932,6775,34796,1606,43177,36414
2933,21151,0,0,21151,22
2934,6745,35476,1438,43659,36929
2935,13554,0,0,13554,22
2936,7520,35035,1438,43993,36489
2937,6715,33551,1425,41691,34999
2938,13519,0,0,13519,22
2939,7452,35251,1436,44139,36703
2940,13585,35627,1822,51034,37472
2941,6758,0,0,6758,22
2942,6680,34916,1794,43390,36722
2943,13561,34420,1426,49407,35869
2944,7076,0,0,7076,22
2945,8405,32505,1425,42335,33947
2946,21860,0,0,21860,23
2947,8456,32577,1420,42453,34014
2948,13608,36169,1421,51198,37613
2949,6948,0,0,6948,22
2950,6993,35411,1454,43858,36879
2951,13425,0,0,13425,23
2952,6749,34297,1447,42493,35757
2953,7137,33859,1436,42432,35318
2954,13661,32890,1434,47985,34347
2955,6759,34888,1809,43456,36720
2956,6886,0,0,6886,22
2957,6810,33478,1838,42126,35330
2958,13694,0,0,13694,22
2959,7438,32135,1433,41006,33586
2960,6961,33684,1443,42088,35149
2961,6781,33937,1438,42156,35398
2962,20696,0,0,20696,22
2963,6757,32883,1814,41454,34710
2964,6898,32405,1420,40723,33852
2965,6634,33063,1706,41403,34790
2966,13105,0,0,13105,22
2967,6923,34716,1446,43085,36176
2968,6738,34654,1774,43166,36451
2969,13178,0,0,13178,22
2970,6840,32950,1705,41495,34669
2971,6903,0,0,6903,22
2972,8384,31185,1411,40980,32612
2973,13290,34423,1438,49151,35883
2974,6655,0,0,6655,22
2975,6657,33080,1629,41366,34721
2976,6868,32863,1426,41157,34312
2977,13511,32322,1422,47255,33766
2978,6611,33456,1791,41858,35270
2979,6892,0,0,6892,22
2980,7509,35007,1443,43959,36464
2981,20950,0,0,20950,22
2982,7839,35614,1448,44901,37079
2983,13940,0,0,13940,22
2984,7920,33543,1421,42884,34979
2985,7215,35560,1479,44254,37061
2986,21245,0,0,21245,22
2987,7014,35439,1442,43895,36894
2988,13993,35728,1787,51508,37538
2989,8613,0,0,8613,22
2990,7002,34855,2273,44130,37140
2991,13618,0,0,13618,22
2992,6925,36264,1447,44636,37724
2993,14054,34712,1427,50193,36162
2994,7299,0,0,7299,22
2995,8693,34548,1422,44663,35988
2996,13850,0,0,13850,22
2997,8595,32833,1442,42870,34292
2998,7218,36024,1454,44696,37499
2999,13873,0,0,13873,22
3000,6892,36146,1621,44659,37780
